Today	Денес	Heute	Oggi	Hoy	Aujourd’hui	Danas	Hoje	Σήμερα
Calendar	Календар	Kalender	Calendario	Calendario	Calendrier	Kalendar	Calendário	Ημερολόγιο
Earnings	Заработка	Einnahmen	Guadagni	Ingresos	Revenus	Zarada	Ganhos	Έσοδα
Jobs	Работи	Jobs	Lavori	Trabajos	Emplois	Poslovi	Trabalhos	Εργασίες
Job	Работа	Job	Lavoro	Trabajo	Emploi	Posao	Trabalho	Εργασία
Shift	Смена	Schicht	Turno	Turno	Poste	Smena	Turno	Βάρδια
Settings	Поставки	Einstellungen	Impostazioni	Ajustes	Paramètres	Podešavanja	Configurações	Ρυθμίσεις
Your jobs	Твои работи	Deine Jobs	I tuoi lavori	Tus trabajos	Vos emplois	Tvoji poslovi	Seus trabalhos	Οι εργασίες σου
Estimated earnings	Проценета заработка	Geschätzte Einnahmen	Guadagni stimati	Ingresos estimados	Revenus estimés	Procenjena zarada	Ganhos estimados	Εκτιμώμενα έσοδα
Add job	Додај работа	Job hinzufügen	Aggiungi lavoro	Añadir trabajo	Ajouter un emploi	Dodaj posao	Adicionar trabalho	Προσθήκη εργασίας
Edit job	Измени работа	Job bearbeiten	Modifica lavoro	Editar trabajo	Modifier l’emploi	Izmeni posao	Editar trabalho	Επεξεργασία εργασίας
Save job	Зачувај работа	Job speichern	Salva lavoro	Guardar trabajo	Enregistrer l’emploi	Sačuvaj posao	Salvar trabalho	Αποθήκευση εργασίας
Job name	Име на работа	Jobname	Nome lavoro	Nombre del trabajo	Nom de l’emploi	Naziv posla	Nome do trabalho	Όνομα εργασίας
Add shift	Додај смена	Schicht hinzufügen	Aggiungi turno	Añadir turno	Ajouter un poste	Dodaj smenu	Adicionar turno	Προσθήκη βάρδιας
Edit shift	Измени смена	Schicht bearbeiten	Modifica turno	Editar turno	Modifier le poste	Izmeni smenu	Editar turno	Επεξεργασία βάρδιας
Save shift	Зачувај смена	Schicht speichern	Salva turno	Guardar turno	Enregistrer le poste	Sačuvaj smenu	Salvar turno	Αποθήκευση βάρδιας
Delete shift	Избриши смена	Schicht löschen	Elimina turno	Eliminar turno	Supprimer le poste	Obriši smenu	Excluir turno	Διαγραφή βάρδιας
Cancel	Откажи	Abbrechen	Annulla	Cancelar	Annuler	Otkaži	Cancelar	Ακύρωση
Close	Затвори	Schließen	Chiudi	Cerrar	Fermer	Zatvori	Fechar	Κλείσιμο
Delete	Избриши	Löschen	Elimina	Eliminar	Supprimer	Obriši	Excluir	Διαγραφή
Save	Зачувај	Speichern	Salva	Guardar	Enregistrer	Sačuvaj	Salvar	Αποθήκευση
OK	Во ред	OK	OK	Aceptar	OK	U redu	OK	Εντάξει
Back	Назад	Zurück	Indietro	Atrás	Retour	Nazad	Voltar	Πίσω
Language	Јазик	Sprache	Lingua	Idioma	Langue	Jezik	Idioma	Γλώσσα
Appearance	Изглед	Darstellung	Aspetto	Apariencia	Apparence	Izgled	Aparência	Εμφάνιση
Light	Светло	Hell	Chiaro	Claro	Clair	Svetlo	Claro	Φωτεινό
Dark	Темно	Dunkel	Scuro	Oscuro	Sombre	Tamno	Escuro	Σκοτεινό
System	Системски	System	Sistema	Sistema	Système	Sistemski	Sistema	Σύστημα
Display	Приказ	Anzeige	Visualizzazione	Pantalla	Affichage	Prikaz	Exibição	Προβολή
Default currency	Основна валута	Standardwährung	Valuta predefinita	Moneda predeterminada	Devise par défaut	Podrazumevana valuta	Moeda padrão	Προεπιλεγμένο νόμισμα
Currency	Валута	Währung	Valuta	Moneda	Devise	Valuta	Moeda	Νόμισμα
Choose currency	Избери валута	Währung wählen	Scegli valuta	Elegir moneda	Choisir une devise	Izaberi valutu	Escolher moeda	Επιλογή νομίσματος
Search code or currency name	Пребарај шифра или валута	Code oder Währung suchen	Cerca codice o valuta	Buscar código o moneda	Rechercher un code ou une devise	Pretraži šifru ili valutu	Buscar código ou moeda	Αναζήτηση κωδικού ή νομίσματος
24-hour time	24-часовно време	24-Stunden-Zeit	Formato 24 ore	Formato de 24 horas	Format 24 heures	24-časovni format	Formato de 24 horas	Μορφή 24 ωρών
Start week on Monday	Неделата почнува во понеделник	Woche beginnt montags	Settimana da lunedì	Semana desde el lunes	Semaine à partir du lundi	Nedelja počinje ponedeljkom	Semana começa na segunda	Η εβδομάδα ξεκινά Δευτέρα
Calendar warnings	Предупредувања	Kalenderwarnungen	Avvisi calendario	Avisos del calendario	Alertes du calendrier	Upozorenja u kalendaru	Alertas do calendário	Προειδοποιήσεις ημερολογίου
Minimum gap between shifts	Минимален одмор меѓу смени	Mindestpause zwischen Schichten	Riposo minimo tra turni	Descanso mínimo entre turnos	Repos minimum entre postes	Minimalni odmor između smena	Descanso mínimo entre turnos	Ελάχιστη ανάπαυση μεταξύ βαρδιών
Rest between shifts (hours)	Одмор меѓу смени (часа)	Schichtpause (Stunden)	Riposo tra turni (ore)	Descanso entre turnos (horas)	Repos entre postes (heures)	Odmor između smena (sati)	Descanso entre turnos (horas)	Ανάπαυση μεταξύ βαρδιών (ώρες)
Rest (hours, e.g. 1.5)	Одмор (часа, пр. 1,5)	Pause (Stunden, z. B. 1,5)	Riposo (ore, es. 1,5)	Descanso (horas, ej. 1,5)	Repos (heures, ex. 1,5)	Odmor (sati, npr. 1,5)	Descanso (horas, ex. 1,5)	Ανάπαυση (ώρες, π.χ. 1,5)
Hours (e.g. 1.5)	Часа (пр. 1,5)	Stunden (z. B. 1,5)	Ore (es. 1,5)	Horas (ej. 1,5)	Heures (ex. 1,5)	Sati (npr. 1,5)	Horas (ex. 1,5)	Ώρες (π.χ. 1,5)
Enter 0–168 hours.	Внеси 0–168 часа.	0–168 Stunden eingeben.	Inserisci 0–168 ore.	Introduce 0–168 horas.	Saisissez 0–168 heures.	Unesi 0–168 sati.	Insira 0–168 horas.	Εισάγετε 0–168 ώρες.
No shifts added	Нема внесени смени	Keine Schichten eingetragen	Nessun turno inserito	No hay turnos añadidos	Aucun poste ajouté	Nema unetih smena	Nenhum turno adicionado	Δεν υπάρχουν βάρδιες
No shifts added today	Нема смени денес	Heute keine Schichten	Nessun turno oggi	No hay turnos hoy	Aucun poste aujourd’hui	Nema smena danas	Nenhum turno hoje	Δεν υπάρχουν βάρδιες σήμερα
Morning	Утринска	Frühschicht	Mattina	Mañana	Matin	Jutarnja	Manhã	Πρωινή
Afternoon	Попладневна	Spätschicht	Pomeriggio	Tarde	Après-midi	Popodnevna	Tarde	Απογευματινή
Night	Ноќна	Nacht	Notte	Noche	Nuit	Noćna	Noite	Νυχτερινή
Next shift	Следна смена	Nächste Schicht	Prossimo turno	Próximo turno	Prochain poste	Sledeća smena	Próximo turno	Επόμενη βάρδια
Next payday	Следна исплата	Nächster Zahltag	Prossimo pagamento	Próximo pago	Prochaine paie	Sledeća isplata	Próximo pagamento	Επόμενη πληρωμή
Next payments	Следни исплати	Nächste Zahlungen	Prossimi pagamenti	Próximos pagos	Prochains paiements	Sledeće isplate	Próximos pagamentos	Επόμενες πληρωμές
This week	Оваа недела	Diese Woche	Questa settimana	Esta semana	Cette semaine	Ove nedelje	Esta semana	Αυτή την εβδομάδα
This month	Овој месец	Diesen Monat	Questo mese	Este mes	Ce mois-ci	Ovog meseca	Este mês	Αυτόν τον μήνα
today	денес	heute	oggi	hoy	aujourd’hui	danas	hoje	σήμερα
planned	планирани	geplant	pianificate	planificadas	prévues	planirani	planejadas	προγραμματισμένες
estimated	проценето	geschätzt	stimati	estimados	estimés	procenjeno	estimados	εκτιμώμενα
estimated earnings	проценета заработка	geschätzte Einnahmen	guadagni stimati	ingresos estimados	revenus estimés	procenjena zarada	ganhos estimados	εκτιμώμενα έσοδα
Based on your pay rules	Според твоите правила за плаќање	Nach deinen Vergütungsregeln	Secondo le tue regole di paga	Según tus reglas de pago	Selon vos règles de rémunération	Prema tvojim pravilima plaćanja	Conforme suas regras de pagamento	Βάσει των κανόνων πληρωμής σου
Week	Недела	Woche	Settimana	Semana	Semaine	Nedelja	Semana	Εβδομάδα
Month	Месец	Monat	Mese	Mes	Mois	Mesec	Mês	Μήνας
Pay period	Платен период	Abrechnungszeitraum	Periodo di paga	Período de pago	Période de paie	Obračunski period	Período de pagamento	Περίοδος πληρωμής
Choose month	Избери месец	Monat wählen	Scegli mese	Elegir mes	Choisir un mois	Izaberi mesec	Escolher mês	Επιλογή μήνα
Regular base	Редовна основа	Grundvergütung	Paga base	Pago base	Rémunération de base	Osnovna zarada	Pagamento base	Βασική αμοιβή
Fixed shifts	Фиксни смени	Pauschalschichten	Turni a quota fissa	Turnos a precio fijo	Postes à forfait	Smene sa fiksnom cenom	Turnos de valor fixo	Βάρδιες σταθερής αμοιβής
Total	Вкупно	Gesamt	Totale	Total	Total	Ukupno	Total	Σύνολο
Monthly	Месечно	Monatlich	Mensile	Mensual	Mensuel	Mesečno	Mensal	Μηνιαία
Weekly	Неделно	Wöchentlich	Settimanale	Semanal	Hebdomadaire	Nedeljno	Semanal	Εβδομαδιαία
Biweekly	На две недели	Alle zwei Wochen	Ogni due settimane	Cada dos semanas	Toutes les deux semaines	Na dve nedelje	A cada duas semanas	Ανά δύο εβδομάδες
Custom	По избор	Individuell	Personalizzato	Personalizado	Personnalisé	Prilagođeno	Personalizado	Προσαρμοσμένη
Custom payday	Исплата по избор	Individueller Zahltag	Pagamento personalizzato	Pago personalizado	Paie personnalisée	Prilagođena isplata	Pagamento personalizado	Προσαρμοσμένη πληρωμή
Fixed amount per shift	Фиксен износ по смена	Pauschale je Schicht	Importo fisso per turno	Importe fijo por turno	Montant fixe par poste	Fiksni iznos po smeni	Valor fixo por turno	Σταθερό ποσό ανά βάρδια
Amount per shift	Износ по смена	Betrag je Schicht	Importo per turno	Importe por turno	Montant par poste	Iznos po smeni	Valor por turno	Ποσό ανά βάρδια
Hourly rate	Цена по час	Stundenlohn	Paga oraria	Tarifa por hora	Tarif horaire	Cena po satu	Valor por hora	Ωριαία αμοιβή
Payday frequency	Зачестеност на исплата	Zahlungsrhythmus	Frequenza pagamento	Frecuencia de pago	Fréquence de paiement	Učestalost isplate	Frequência de pagamento	Συχνότητα πληρωμής
Date	Датум	Datum	Data	Fecha	Date	Datum	Data	Ημερομηνία
Starts	Почеток	Beginn	Inizio	Inicio	Début	Početak	Início	Έναρξη
Ends	Крај	Ende	Fine	Fin	Fin	Kraj	Fim	Λήξη
Ends the following day	Завршува следниот ден	Endet am Folgetag	Finisce il giorno dopo	Termina al día siguiente	Se termine le lendemain	Završava sledećeg dana	Termina no dia seguinte	Τελειώνει την επόμενη ημέρα
Unpaid break (minutes)	Неплатена пауза (минути)	Unbezahlte Pause (Minuten)	Pausa non pagata (minuti)	Pausa no pagada (minutos)	Pause non rémunérée (minutes)	Neplaćena pauza (minuti)	Pausa não remunerada (minutos)	Μη αμειβόμενο διάλειμμα (λεπτά)
Break (minutes)	Пауза (минути)	Pause (Minuten)	Pausa (minuti)	Pausa (minutos)	Pause (minutes)	Pauza (minuti)	Pausa (minutos)	Διάλειμμα (λεπτά)
Paid break	Платена пауза	Bezahlte Pause	Pausa pagata	Pausa pagada	Pause rémunérée	Plaćena pauza	Pausa remunerada	Αμειβόμενο διάλειμμα
Note (optional)	Белешка (по избор)	Notiz (optional)	Nota (facoltativa)	Nota (opcional)	Note (facultative)	Beleška (opciono)	Nota (opcional)	Σημείωση (προαιρετική)
Reminders	Потсетници	Erinnerungen	Promemoria	Recordatorios	Rappels	Podsetnici	Lembretes	Υπενθυμίσεις
Reminder (minutes)	Потсетник (минути)	Erinnerung (Minuten)	Promemoria (minuti)	Recordatorio (minutos)	Rappel (minutes)	Podsetnik (minuti)	Lembrete (minutos)	Υπενθύμιση (λεπτά)
Minutes before shift (0 = off)	Минути пред смена (0 = исклучено)	Minuten vorher (0 = aus)	Minuti prima (0 = no)	Minutos antes (0 = no)	Minutes avant (0 = désactivé)	Minuti pre smene (0 = isključeno)	Minutos antes (0 = desligado)	Λεπτά πριν (0 = ανενεργό)
Use global reminder	Користи општ потсетник	Globale Erinnerung	Promemoria globale	Recordatorio general	Rappel global	Opšti podsetnik	Lembrete geral	Γενική υπενθύμιση
Use global rest	Користи општ одмор	Globale Ruhezeit	Riposo globale	Descanso general	Repos global	Opšti odmor	Descanso geral	Γενική ανάπαυση
Archive job	Архивирај работа	Job archivieren	Archivia lavoro	Archivar trabajo	Archiver l’emploi	Arhiviraj posao	Arquivar trabalho	Αρχειοθέτηση εργασίας
Restore job	Врати работа	Job wiederherstellen	Ripristina lavoro	Restaurar trabajo	Restaurer l’emploi	Vrati posao	Restaurar trabalho	Επαναφορά εργασίας
Archived jobs	Архивирани работи	Archivierte Jobs	Lavori archiviati	Trabajos archivados	Emplois archivés	Arhivirani poslovi	Trabalhos arquivados	Αρχειοθετημένες εργασίες
From	Од	Von	Da	Desde	Du	Od	De	Από
To	До	Bis	A	Hasta	Au	Do	Até	Έως
Repeat until	Повтори до	Wiederholen bis	Ripeti fino a	Repetir hasta	Répéter jusqu’au	Ponavljaj do	Repetir até	Επανάληψη έως
Repeat on days	Повтори во денови	An diesen Tagen	Ripeti nei giorni	Repetir los días	Répéter les jours	Ponavljaj danima	Repetir nos dias	Επανάληψη τις ημέρες
Preview shifts	Прегледај смени	Schichten prüfen	Anteprima turni	Vista previa de turnos	Aperçu des postes	Pregled smena	Visualizar turnos	Προεπισκόπηση βαρδιών
Add these shifts	Додај ги смените	Diese Schichten hinzufügen	Aggiungi questi turni	Añadir estos turnos	Ajouter ces postes	Dodaj ove smene	Adicionar estes turnos	Προσθήκη αυτών των βαρδιών
Shift patterns	Шеми на смени	Schichtmuster	Schemi turni	Patrones de turnos	Modèles de postes	Obrasci smena	Padrões de turnos	Μοτίβα βαρδιών
Create your repeating schedule	Создај повторлив распоред	Wiederkehrenden Plan erstellen	Crea un calendario ricorrente	Crea un horario recurrente	Créez un planning récurrent	Napravi ponavljajući raspored	Crie um horário recorrente	Δημιουργία επαναλαμβανόμενου προγράμματος
Job costs	Трошоци за работа	Jobkosten	Costi del lavoro	Gastos del trabajo	Frais professionnels	Troškovi posla	Custos do trabalho	Έξοδα εργασίας
Costs related to this job	Трошоци поврзани со оваа работа	Kosten für diesen Job	Costi relativi a questo lavoro	Gastos relacionados con este trabajo	Frais liés à cet emploi	Troškovi vezani za ovaj posao	Custos relacionados a este trabalho	Έξοδα που σχετίζονται με αυτή την εργασία
Transport / Commute	Превоз до работа	Transport / Arbeitsweg	Trasporto / Tragitto	Transporte / Desplazamiento	Transport / Trajet	Prevoz do posla	Transporte / Deslocamento	Μεταφορά / Μετακίνηση
Fuel	Гориво	Kraftstoff	Carburante	Combustible	Carburant	Gorivo	Combustível	Καύσιμα
Parking & Tolls	Паркинг и патарини	Parken & Maut	Parcheggio e pedaggi	Aparcamiento y peajes	Stationnement et péages	Parking i putarine	Estacionamento e pedágios	Στάθμευση και διόδια
Food / Meals at work	Храна на работа	Essen bei der Arbeit	Pasti al lavoro	Comidas en el trabajo	Repas au travail	Hrana na poslu	Refeições no trabalho	Γεύματα στην εργασία
Work Clothing & Equipment	Работна облека и опрема	Arbeitskleidung & Ausrüstung	Abbigliamento e attrezzature	Ropa y equipo de trabajo	Vêtements et équipement	Radna odeća i oprema	Roupas e equipamentos	Ρουχισμός και εξοπλισμός
Phone / Mobile Data	Телефон и мобилен интернет	Telefon / Mobile Daten	Telefono / Dati mobili	Teléfono / Datos móviles	Téléphone / Données mobiles	Telefon / Mobilni internet	Telefone / Dados móveis	Τηλέφωνο / Δεδομένα
Other	Друго	Sonstiges	Altro	Otros	Autres	Ostalo	Outros	Άλλα
Add cost	Додај трошок	Kosten hinzufügen	Aggiungi costo	Añadir gasto	Ajouter un frais	Dodaj trošak	Adicionar custo	Προσθήκη εξόδου
Add custom cost	Додај сопствен трошок	Eigene Kosten hinzufügen	Aggiungi costo personalizzato	Añadir gasto personalizado	Ajouter un frais personnalisé	Dodaj prilagođeni trošak	Adicionar custo personalizado	Προσθήκη προσαρμοσμένου εξόδου
Remove cost	Отстрани трошок	Kosten entfernen	Rimuovi costo	Eliminar gasto	Retirer le frais	Ukloni trošak	Remover custo	Αφαίρεση εξόδου
Enabled	Вклучено	Aktiviert	Attivo	Activado	Activé	Uključeno	Ativado	Ενεργό
Category	Категорија	Kategorie	Categoria	Categoría	Catégorie	Kategorija	Categoria	Κατηγορία
Cost name (optional)	Име на трошок (по избор)	Kostenname (optional)	Nome costo (facoltativo)	Nombre del gasto (opcional)	Nom du frais (facultatif)	Naziv troška (opciono)	Nome do custo (opcional)	Όνομα εξόδου (προαιρετικό)
Amount	Износ	Betrag	Importo	Importe	Montant	Iznos	Valor	Ποσό
Frequency	Зачестеност	Häufigkeit	Frequenza	Frecuencia	Fréquence	Učestalost	Frequência	Συχνότητα
Per shift	По смена	Je Schicht	Per turno	Por turno	Par poste	Po smeni	Por turno	Ανά βάρδια
Per workday	По работен ден	Je Arbeitstag	Per giorno lavorativo	Por día de trabajo	Par jour travaillé	Po radnom danu	Por dia de trabalho	Ανά εργάσιμη ημέρα
Real earnings	Реална заработка	Reale Einnahmen	Guadagni effettivi	Ingresos reales	Revenus réels	Realna zarada	Ganhos reais	Πραγματικά έσοδα
Advanced Work Analytics	Напредна работна аналитика	Erweiterte Arbeitsanalyse	Analisi avanzata del lavoro	Análisis avanzado del trabajo	Analyse avancée du travail	Napredna analiza rada	Análise avançada do trabalho	Προηγμένη ανάλυση εργασίας
Work Analytics	Работна аналитика	Arbeitsanalyse	Analisi del lavoro	Análisis del trabajo	Analyse du travail	Analiza rada	Análise do trabalho	Ανάλυση εργασίας
Gross, costs and real earnings	Бруто, трошоци и реална заработка	Brutto, Kosten und reale Einnahmen	Lordo, costi e guadagni effettivi	Bruto, gastos e ingresos reales	Brut, frais et revenus réels	Bruto, troškovi i realna zarada	Bruto, custos e ganhos reais	Μικτά, έξοδα και πραγματικά έσοδα
Monthly report	Месечен извештај	Monatsbericht	Report mensile	Informe mensual	Rapport mensuel	Mesečni izveštaj	Relatório mensal	Μηνιαία αναφορά
Yearly report	Годишен извештај	Jahresbericht	Report annuale	Informe anual	Rapport annuel	Godišnji izveštaj	Relatório anual	Ετήσια αναφορά
Monthly Work & Earnings Report	Месечен извештај за работа и заработка	Monatsbericht zu Arbeit und Einnahmen	Report mensile di lavoro e guadagni	Informe mensual de trabajo e ingresos	Rapport mensuel de travail et revenus	Mesečni izveštaj o radu i zaradi	Relatório mensal de trabalho e ganhos	Μηνιαία αναφορά εργασίας και εσόδων
Annual Work & Earnings Report	Годишен извештај за работа и заработка	Jahresbericht zu Arbeit und Einnahmen	Report annuale di lavoro e guadagni	Informe anual de trabajo e ingresos	Rapport annuel de travail et revenus	Godišnji izveštaj o radu i zaradi	Relatório anual de trabalho e ganhos	Ετήσια αναφορά εργασίας και εσόδων
Period	Период	Zeitraum	Periodo	Período	Période	Period	Período	Περίοδος
Total shifts	Вкупно смени	Schichten gesamt	Turni totali	Total de turnos	Total des postes	Ukupno smena	Total de turnos	Σύνολο βαρδιών
Worked hours	Работни часови	Gearbeitete Stunden	Ore lavorate	Horas trabajadas	Heures travaillées	Odrađeni sati	Horas trabalhadas	Ώρες εργασίας
Paid hours	Платени часови	Bezahlte Stunden	Ore pagate	Horas pagadas	Heures rémunérées	Plaćeni sati	Horas pagas	Αμειβόμενες ώρες
Regular hours	Редовни часови	Reguläre Stunden	Ore ordinarie	Horas regulares	Heures normales	Redovni sati	Horas regulares	Κανονικές ώρες
Overtime	Прекувремена работа	Überstunden	Straordinari	Horas extra	Heures supplémentaires	Prekovremeni rad	Horas extras	Υπερωρίες
Night hours	Ноќни часови	Nachtstunden	Ore notturne	Horas nocturnas	Heures de nuit	Noćni sati	Horas noturnas	Νυχτερινές ώρες
Weekend hours	Часови за викенд	Wochenendstunden	Ore nel fine settimana	Horas de fin de semana	Heures de week-end	Sati vikendom	Horas de fim de semana	Ώρες Σαββατοκύριακου
Holiday hours	Часови за празник	Feiertagsstunden	Ore festive	Horas en festivos	Heures de jours fériés	Sati praznikom	Horas em feriados	Ώρες αργίας
Gross estimated earnings	Проценета бруто заработка	Geschätzte Bruttoeinnahmen	Guadagni lordi stimati	Ingresos brutos estimados	Revenus bruts estimés	Procenjena bruto zarada	Ganhos brutos estimados	Εκτιμώμενα μικτά έσοδα
Work-related costs	Трошоци поврзани со работата	Arbeitsbezogene Kosten	Costi legati al lavoro	Gastos relacionados con el trabajo	Frais liés au travail	Troškovi vezani za rad	Custos relacionados ao trabalho	Έξοδα που σχετίζονται με την εργασία
Real estimated earnings	Проценета реална заработка	Geschätzte reale Einnahmen	Guadagni effettivi stimati	Ingresos reales estimados	Revenus réels estimés	Procenjena realna zarada	Ganhos reais estimados	Εκτιμώμενα πραγματικά έσοδα
Gross hourly value	Бруто заработка по час	Bruttowert pro Stunde	Valore lordo orario	Valor bruto por hora	Valeur brute par heure	Bruto vrednost po satu	Valor bruto por hora	Μικτή αξία ανά ώρα
Real hourly value	Реална заработка по час	Realer Wert pro Stunde	Valore effettivo orario	Valor real por hora	Valeur réelle par heure	Realna vrednost po satu	Valor real por hora	Πραγματική αξία ανά ώρα
Cost breakdown	Преглед на трошоци	Kostenaufschlüsselung	Dettaglio costi	Desglose de gastos	Répartition des frais	Pregled troškova	Detalhamento de custos	Ανάλυση εξόδων
Breakdown by job	Преглед по работа	Aufschlüsselung nach Job	Dettaglio per lavoro	Desglose por trabajo	Répartition par emploi	Pregled po poslu	Detalhamento por trabalho	Ανάλυση ανά εργασία
Average monthly real earnings	Просечна месечна реална заработка	Durchschnittliche reale Monatseinnahmen	Guadagni effettivi medi mensili	Ingresos reales mensuales medios	Revenus réels mensuels moyens	Prosečna mesečna realna zarada	Média mensal de ganhos reais	Μέσα μηνιαία πραγματικά έσοδα
Monthly trend	Месечен тренд	Monatsverlauf	Andamento mensile	Tendencia mensual	Tendance mensuelle	Mesečni trend	Tendência mensal	Μηνιαία τάση
Highlights	Најважни показатели	Höhepunkte	Dati principali	Datos destacados	Points clés	Najvažniji pokazatelji	Destaques	Κύρια στοιχεία
Highest earning month	Месец со најголема заработка	Monat mit höchsten Einnahmen	Mese con più guadagni	Mes con mayores ingresos	Mois le plus rémunérateur	Mesec sa najvećom zaradom	Mês com maiores ganhos	Μήνας με τα υψηλότερα έσοδα
Lowest earning month	Месец со најмала заработка	Monat mit niedrigsten Einnahmen	Mese con meno guadagni	Mes con menores ingresos	Mois le moins rémunérateur	Mesec sa najmanjom zaradom	Mês com menores ganhos	Μήνας με τα χαμηλότερα έσοδα
Month with highest work costs	Месец со најголеми трошоци	Monat mit höchsten Arbeitskosten	Mese con più costi	Mes con mayores gastos	Mois avec le plus de frais	Mesec sa najvećim troškovima	Mês com maiores custos	Μήνας με τα υψηλότερα έξοδα
Month with most overtime	Месец со најмногу прекувремена работа	Monat mit meisten Überstunden	Mese con più straordinari	Mes con más horas extra	Mois avec le plus d’heures supplémentaires	Mesec sa najviše prekovremenog rada	Mês com mais horas extras	Μήνας με τις περισσότερες υπερωρίες
Job with highest gross earnings	Работа со најголема бруто заработка	Job mit höchsten Bruttoeinnahmen	Lavoro con più guadagni lordi	Trabajo con mayores ingresos brutos	Emploi aux revenus bruts les plus élevés	Posao sa najvećom bruto zaradom	Trabalho com maiores ganhos brutos	Εργασία με τα υψηλότερα μικτά έσοδα
Job with highest real earnings	Работа со најголема реална заработка	Job mit höchsten realen Einnahmen	Lavoro con più guadagni effettivi	Trabajo con mayores ingresos reales	Emploi aux revenus réels les plus élevés	Posao sa najvećom realnom zaradom	Trabalho com maiores ganhos reais	Εργασία με τα υψηλότερα πραγματικά έσοδα
Job with highest real hourly value	Работа со најголема реална заработка по час	Job mit höchstem realem Stundenwert	Lavoro con valore orario effettivo più alto	Trabajo con mayor valor real por hora	Emploi avec la meilleure valeur horaire réelle	Posao sa najvećom realnom satnicom	Trabalho com maior valor real por hora	Εργασία με την υψηλότερη πραγματική ωριαία αξία
Compared with previous month	Споредба со претходниот месец	Vergleich zum Vormonat	Confronto con il mese precedente	Comparación con el mes anterior	Comparaison avec le mois précédent	Poređenje sa prethodnim mesecom	Comparação com o mês anterior	Σύγκριση με τον προηγούμενο μήνα
Report export	Извоз на извештај	Bericht exportieren	Esporta report	Exportar informe	Exporter le rapport	Izvoz izveštaja	Exportar relatório	Εξαγωγή αναφοράς
View	Прикажи	Ansehen	Visualizza	Ver	Afficher	Prikaži	Visualizar	Προβολή
Share	Сподели	Teilen	Condividi	Compartir	Partager	Podeli	Compartilhar	Κοινοποίηση
Print	Печати	Drucken	Stampa	Imprimir	Imprimer	Štampaj	Imprimir	Εκτύπωση
Email	Е-пошта	E-Mail	Email	Correo	E-mail	E-pošta	E-mail	Email
Previous period	Претходен период	Vorheriger Zeitraum	Periodo precedente	Período anterior	Période précédente	Prethodni period	Período anterior	Προηγούμενη περίοδος
Next period	Следен период	Nächster Zeitraum	Periodo successivo	Período siguiente	Période suivante	Sledeći period	Próximo período	Επόμενη περίοδος
Estimated real earnings after work-related costs.	Проценета реална заработка по работните трошоци.	Geschätzte reale Einnahmen nach Arbeitskosten.	Guadagni effettivi stimati dopo i costi di lavoro.	Ingresos reales estimados tras los gastos de trabajo.	Revenus réels estimés après frais professionnels.	Procenjena realna zarada nakon troškova rada.	Ganhos reais estimados após os custos do trabalho.	Εκτιμώμενα πραγματικά έσοδα μετά τα έξοδα εργασίας.
Taxes, government deductions and payroll deductions are not included.	Не се вклучени даноци, државни и платни одбитоци.	Steuern, staatliche Abzüge und Lohnabzüge sind nicht enthalten.	Tasse, trattenute statali e salariali non sono incluse.	No incluye impuestos, deducciones públicas ni de nómina.	Les impôts, prélèvements publics et retenues sur salaire ne sont pas inclus.	Porezi, državni i platni odbici nisu uključeni.	Impostos e descontos governamentais e da folha não estão incluídos.	Δεν περιλαμβάνονται φόροι, κρατικές και μισθολογικές κρατήσεις.
Different currencies are shown separately.	Различните валути се прикажуваат одделно.	Verschiedene Währungen werden getrennt angezeigt.	Le diverse valute sono mostrate separatamente.	Las distintas monedas se muestran por separado.	Les différentes devises sont affichées séparément.	Različite valute se prikazuju odvojeno.	Moedas diferentes são exibidas separadamente.	Τα διαφορετικά νομίσματα εμφανίζονται χωριστά.
Night, weekend and holiday hours overlap other hours.	Ноќните, викенд и празничните часови се преклопуваат со другите часови.	Nacht-, Wochenend- und Feiertagsstunden überschneiden sich mit anderen Stunden.	Le ore notturne, festive e del fine settimana si sovrappongono alle altre ore.	Las horas nocturnas, de fin de semana y festivas se solapan con otras horas.	Les heures de nuit, de week-end et fériées recoupent les autres heures.	Noćni sati, sati vikendom i praznikom se preklapaju sa drugim satima.	Horas noturnas, de fim de semana e feriados se sobrepõem às outras horas.	Οι νυχτερινές ώρες, οι ώρες Σαββατοκύριακου και αργίας επικαλύπτουν άλλες ώρες.
Optional. Gross pay stays unchanged. Analytics requires Premium.	По избор. Бруто платата не се менува. Аналитиката бара Premium.	Optional. Brutto bleibt unverändert. Analyse benötigt Premium.	Facoltativo. Il lordo non cambia. L’analisi richiede Premium.	Opcional. El bruto no cambia. El análisis requiere Premium.	Facultatif. Le brut ne change pas. L’analyse nécessite Premium.	Opciono. Bruto plata ostaje ista. Analiza zahteva Premium.	Opcional. O bruto não muda. A análise exige Premium.	Προαιρετικό. Η μικτή αμοιβή δεν αλλάζει. Η ανάλυση απαιτεί Premium.
Buy us a coffee ☕	Чести нè кафе ☕	Spendier uns einen Kaffee ☕	Offrici un caffè ☕	Invítanos a un café ☕	Offrez-nous un café ☕	Časti nas kafom ☕	Pague um café para nós ☕	Κέρασέ μας έναν καφέ ☕
No ads + automatic backup	Без реклами и автоматски backup	Ohne Werbung + automatische Sicherung	Niente pubblicità + backup automatico	Sin anuncios + copia automática	Sans publicité + sauvegarde automatique	Bez reklama + automatska kopija	Sem anúncios + backup automático	Χωρίς διαφημίσεις + αυτόματο backup
Explore Premium →	Разгледај Premium →	Premium entdecken →	Scopri Premium →	Descubre Premium →	Découvrir Premium →	Istraži Premium →	Conheça o Premium →	Ανακάλυψε το Premium →
Account & Premium	Профил и Premium	Konto & Premium	Account e Premium	Cuenta y Premium	Compte et Premium	Nalog i Premium	Conta e Premium	Λογαριασμός και Premium
Premium active	Premium е активен	Premium aktiv	Premium attivo	Premium activo	Premium actif	Premium je aktivan	Premium ativo	Το Premium είναι ενεργό
No Ads	Без реклами	Keine Werbung	Niente pubblicità	Sin anuncios	Sans publicité	Bez reklama	Sem anúncios	Χωρίς διαφημίσεις
Automatic Cloud Backup	Автоматска копија во облак	Automatische Cloud-Sicherung	Backup automatico nel cloud	Copia automática en la nube	Sauvegarde automatique dans le cloud	Automatska kopija u oblaku	Backup automático na nuvem	Αυτόματο backup στο cloud
Restore on new phone	Враќање на нов телефон	Auf neuem Handy wiederherstellen	Ripristina su un nuovo telefono	Restaurar en un teléfono nuevo	Restaurer sur un nouveau téléphone	Vraćanje na novom telefonu	Restaurar em novo telefone	Επαναφορά σε νέο τηλέφωνο
Detailed Monthly / Yearly Reports	Детални месечни и годишни извештаи	Detaillierte Monats- und Jahresberichte	Report mensili e annuali dettagliati	Informes mensuales y anuales detallados	Rapports mensuels et annuels détaillés	Detaljni mesečni i godišnji izveštaji	Relatórios mensais e anuais detalhados	Αναλυτικές μηνιαίες και ετήσιες αναφορές
Access until	Пристап до	Zugriff bis	Accesso fino al	Acceso hasta	Accès jusqu’au	Pristup do	Acesso até	Πρόσβαση έως
year	година	Jahr	anno	año	an	godina	ano	έτος
hour	час	Stunde	ora	hora	heure	sat	hora	ώρα
shift	смена	Schicht	turno	turno	poste	smena	turno	βάρδια
Manage subscription	Управувај со претплата	Abo verwalten	Gestisci abbonamento	Gestionar suscripción	Gérer l’abonnement	Upravljaj pretplatom	Gerenciar assinatura	Διαχείριση συνδρομής
Subscribe yearly	Претплати се годишно	Jahresabo abschließen	Abbonati annualmente	Suscribirse anualmente	S’abonner à l’année	Godišnja pretplata	Assinar anualmente	Ετήσια συνδρομή
Restore purchases	Врати купувања	Käufe wiederherstellen	Ripristina acquisti	Restaurar compras	Restaurer les achats	Vrati kupovine	Restaurar compras	Επαναφορά αγορών
Create account	Создај профил	Konto erstellen	Crea account	Crear cuenta	Créer un compte	Napravi nalog	Criar conta	Δημιουργία λογαριασμού
Sign in	Најави се	Anmelden	Accedi	Iniciar sesión	Se connecter	Prijavi se	Entrar	Σύνδεση
Email address	Е-пошта	E-Mail-Adresse	Indirizzo email	Dirección de correo	Adresse e-mail	E-pošta	Endereço de e-mail	Διεύθυνση email
Password	Лозинка	Passwort	Password	Contraseña	Mot de passe	Lozinka	Senha	Κωδικός
Forgot password?	Заборавена лозинка?	Passwort vergessen?	Password dimenticata?	¿Olvidaste tu contraseña?	Mot de passe oublié ?	Zaboravljena lozinka?	Esqueceu a senha?	Ξέχασες τον κωδικό;
Profile	Профил	Profil	Profilo	Perfil	Profil	Profil	Perfil	Προφίλ
Send verification email	Испрати е-пошта за потврда	Bestätigungs-E-Mail senden	Invia email di verifica	Enviar correo de verificación	Envoyer l’e-mail de vérification	Pošalji e-poštu za potvrdu	Enviar e-mail de verificação	Αποστολή email επαλήθευσης
Refresh account	Освежи профил	Konto aktualisieren	Aggiorna account	Actualizar cuenta	Actualiser le compte	Osveži nalog	Atualizar conta	Ανανέωση λογαριασμού
Sign out	Одјави се	Abmelden	Esci	Cerrar sesión	Se déconnecter	Odjavi se	Sair	Αποσύνδεση
Cloud backup	Копија во облак	Cloud-Sicherung	Backup nel cloud	Copia en la nube	Sauvegarde dans le cloud	Kopija u oblaku	Backup na nuvem	Backup στο cloud
Last cloud backup	Последна копија во облак	Letzte Cloud-Sicherung	Ultimo backup cloud	Última copia en la nube	Dernière sauvegarde cloud	Poslednja kopija u oblaku	Último backup na nuvem	Τελευταίο backup στο cloud
Back up now	Направи копија сега	Jetzt sichern	Esegui backup ora	Copiar ahora	Sauvegarder maintenant	Napravi kopiju sada	Fazer backup agora	Backup τώρα
Restore backup	Врати копија	Sicherung wiederherstellen	Ripristina backup	Restaurar copia	Restaurer la sauvegarde	Vrati kopiju	Restaurar backup	Επαναφορά backup
Automatic email reports	Автоматски извештаи по е-пошта	Automatische E-Mail-Berichte	Report automatici via email	Informes automáticos por correo	Rapports automatiques par e-mail	Automatski izveštaji e-poštom	Relatórios automáticos por e-mail	Αυτόματες αναφορές μέσω email
Monthly Report Email	Месечен извештај по е-пошта	Monatsbericht per E-Mail	Report mensile via email	Informe mensual por correo	Rapport mensuel par e-mail	Mesečni izveštaj e-poštom	Relatório mensal por e-mail	Μηνιαία αναφορά μέσω email
Yearly Report Email	Годишен извештај по е-пошта	Jahresbericht per E-Mail	Report annuale via email	Informe anual por correo	Rapport annuel par e-mail	Godišnji izveštaj e-poštom	Relatório anual por e-mail	Ετήσια αναφορά μέσω email
Delete account	Избриши профил	Konto löschen	Elimina account	Eliminar cuenta	Supprimer le compte	Obriši nalog	Excluir conta	Διαγραφή λογαριασμού
Premium & backup	Premium и резервни копии	Premium & Sicherung	Premium e backup	Premium y copias	Premium et sauvegarde	Premium i kopije	Premium e backup	Premium και backup
Free · Local storage	Бесплатно · Локални податоци	Kostenlos · Lokale Daten	Gratis · Dati locali	Gratis · Datos locales	Gratuit · Données locales	Besplatno · Lokalni podaci	Grátis · Dados locais	Δωρεάν · Τοπικά δεδομένα
Local storage · No login required	Локални податоци · Без задолжителна најава	Lokale Daten · Kein Login nötig	Dati locali · Accesso non richiesto	Datos locales · Sin inicio de sesión	Données locales · Sans connexion requise	Lokalni podaci · Bez obavezne prijave	Dados locais · Sem login obrigatório	Τοπικά δεδομένα · Χωρίς υποχρεωτική σύνδεση
Ad privacy	Приватност за реклами	Werbedatenschutz	Privacy degli annunci	Privacidad de anuncios	Confidentialité publicitaire	Privatnost oglasa	Privacidade de anúncios	Απόρρητο διαφημίσεων
Privacy choices	Избор за приватност	Datenschutzoptionen	Scelte sulla privacy	Opciones de privacidad	Choix de confidentialité	Izbor privatnosti	Opções de privacidade	Επιλογές απορρήτου
Website	Веб-страница	Website	Sito web	Sitio web	Site web	Veb-sajt	Site	Ιστότοπος
Privacy policy	Политика за приватност	Datenschutzerklärung	Informativa sulla privacy	Política de privacidad	Politique de confidentialité	Politika privatnosti	Política de privacidade	Πολιτική απορρήτου
Sign in before subscribing.	Најави се пред да се претплатиш.	Melde dich vor dem Abonnieren an.	Accedi prima di abbonarti.	Inicia sesión antes de suscribirte.	Connectez-vous avant de vous abonner.	Prijavi se pre pretplate.	Entre antes de assinar.	Συνδέσου πριν εγγραφείς.
Premium is required.	Потребен е Premium.	Premium erforderlich.	È richiesto Premium.	Se requiere Premium.	Premium est requis.	Potreban je Premium.	É necessário Premium.	Απαιτείται Premium.
Verify your email to receive automatic reports.	Потврди ја е-поштата за автоматски извештаи.	Bestätige deine E-Mail für automatische Berichte.	Verifica l’email per ricevere report automatici.	Verifica tu correo para recibir informes automáticos.	Vérifiez votre e-mail pour les rapports automatiques.	Potvrdi e-poštu za automatske izveštaje.	Verifique seu e-mail para relatórios automáticos.	Επαλήθευσε το email σου για αυτόματες αναφορές.
Verification email sent.	Испратена е е-пошта за потврда.	Bestätigungs-E-Mail gesendet.	Email di verifica inviata.	Correo de verificación enviado.	E-mail de vérification envoyé.	E-pošta za potvrdu je poslata.	E-mail de verificação enviado.	Στάλθηκε email επαλήθευσης.
Automatic backup enabled on this phone	Автоматски backup е вклучен на овој телефон	Automatische Sicherung auf diesem Handy aktiv	Backup automatico attivo su questo telefono	Copia automática activada en este teléfono	Sauvegarde automatique activée sur ce téléphone	Automatska kopija je uključena na ovom telefonu	Backup automático ativado neste telefone	Το αυτόματο backup είναι ενεργό σε αυτό το τηλέφωνο
Choose cloud restore or enable backup on this phone first.	Прво врати копија или вклучи backup на овој телефон.	Zuerst Cloud-Daten wiederherstellen oder Sicherung aktivieren.	Prima ripristina il cloud o attiva il backup su questo telefono.	Primero restaura la nube o activa la copia en este teléfono.	Restaurez le cloud ou activez la sauvegarde sur ce téléphone.	Prvo vrati kopiju ili uključi kopiranje na ovom telefonu.	Primeiro restaure a nuvem ou ative o backup neste telefone.	Πρώτα επίλεξε επαναφορά cloud ή ενεργοποίησε το backup.
No cloud backup exists.	Нема копија во облак.	Keine Cloud-Sicherung vorhanden.	Nessun backup nel cloud.	No hay copia en la nube.	Aucune sauvegarde cloud.	Nema kopije u oblaku.	Nenhum backup na nuvem.	Δεν υπάρχει backup στο cloud.
Job & pay	Работа и плаќање	Job & Vergütung	Lavoro e paga	Trabajo y pago	Emploi et rémunération	Posao i plaćanje	Trabalho e pagamento	Εργασία και αμοιβή
Regular hourly rate	Редовен час	Regulärer Stundenlohn	Tariffa oraria ordinaria	Tarifa horaria regular	Tarif horaire normal	Redovna satnica	Valor da hora regular	Κανονική ωριαία αμοιβή
Hourly prices	Цени по час	Stundenpreise	Tariffe orarie	Tarifas por hora	Tarifs horaires	Cene po satu	Valores por hora	Ωριαίες τιμές
Overtime after (paid hours)	Прекувремена по (платени часа)	Überstunden ab (bezahlte Stunden)	Straordinari dopo (ore pagate)	Horas extra tras (horas pagadas)	Heures supplémentaires après (heures payées)	Prekovremeno nakon (plaćenih sati)	Horas extras após (horas pagas)	Υπερωρίες μετά (αμειβόμενες ώρες)
Overtime hourly rate	Прекувремен час	Überstundenlohn	Tariffa straordinari	Tarifa de horas extra	Tarif des heures supplémentaires	Prekovremena satnica	Valor da hora extra	Ωριαία αμοιβή υπερωριών
Saturday hourly rate	Час во сабота	Samstagslohn	Tariffa del sabato	Tarifa del sábado	Tarif du samedi	Satnica subotom	Valor da hora no sábado	Ωριαία αμοιβή Σαββάτου
Sunday hourly rate	Час во недела	Sonntagslohn	Tariffa della domenica	Tarifa del domingo	Tarif du dimanche	Satnica nedeljom	Valor da hora no domingo	Ωριαία αμοιβή Κυριακής
Holiday hourly rate	Час за празник	Feiertagslohn	Tariffa festiva	Tarifa de festivos	Tarif des jours fériés	Satnica praznikom	Valor da hora no feriado	Ωριαία αμοιβή αργίας
Blank = regular price	Празно = редовна цена	Leer = regulärer Preis	Vuoto = tariffa ordinaria	Vacío = tarifa regular	Vide = tarif normal	Prazno = redovna cena	Vazio = valor regular	Κενό = κανονική τιμή
Holiday: Calendar → date → ⋮	Празник: Календар → датум → ⋮	Feiertag: Kalender → Datum → ⋮	Festivo: Calendario → data → ⋮	Festivo: Calendario → fecha → ⋮	Jour férié : Calendrier → date → ⋮	Praznik: Kalendar → datum → ⋮	Feriado: Calendário → data → ⋮	Αργία: Ημερολόγιο → ημερομηνία → ⋮
Payments	Исплати	Zahlungen	Pagamenti	Pagos	Paiements	Isplate	Pagamentos	Πληρωμές
Day of month	Ден во месецот	Tag des Monats	Giorno del mese	Día del mes	Jour du mois	Dan u mesecu	Dia do mês	Ημέρα του μήνα
Next / anchor payday	Датум на исплата	Nächster / Bezugszahltag	Prossima data di pagamento	Próxima fecha de pago	Prochaine date de paie	Sledeći datum isplate	Próxima data de pagamento	Επόμενη ημερομηνία πληρωμής
Default shift & break	Основна смена и пауза	Standardschicht & Pause	Turno e pausa predefiniti	Turno y pausa predeterminados	Poste et pause par défaut	Podrazumevana smena i pauza	Turno e pausa padrão	Προεπιλεγμένη βάρδια και διάλειμμα
Night work	Ноќна работа	Nachtarbeit	Lavoro notturno	Trabajo nocturno	Travail de nuit	Noćni rad	Trabalho noturno	Νυχτερινή εργασία
Night addition (%)	Ноќен додаток (%)	Nachtzuschlag (%)	Maggiorazione notturna (%)	Complemento nocturno (%)	Majoration de nuit (%)	Noćni dodatak (%)	Adicional noturno (%)	Νυχτερινή προσαύξηση (%)
Night starts	Ноќна од	Nachtbeginn	Inizio notte	Inicio nocturno	Début de nuit	Noć počinje	Início noturno	Έναρξη νύχτας
Night ends	Ноќна до	Nachtende	Fine notte	Fin nocturno	Fin de nuit	Noć završava	Fim noturno	Λήξη νύχτας
Existing shifts	Постојни смени	Bestehende Schichten	Turni esistenti	Turnos existentes	Postes existants	Postojeće smene	Turnos existentes	Υπάρχουσες βάρδιες
Apply prices to today's and future shifts	Примени цени за денешни и идни смени	Preise auf heutige und künftige Schichten anwenden	Applica tariffe ai turni di oggi e futuri	Aplicar tarifas a turnos de hoy y futuros	Appliquer les tarifs aux postes actuels et futurs	Primeni cene na današnje i buduće smene	Aplicar valores aos turnos de hoje e futuros	Εφαρμογή τιμών στις σημερινές και μελλοντικές βάρδιες
Holiday	Празник	Feiertag	Festivo	Festivo	Jour férié	Praznik	Feriado	Αργία
Mark as holiday	Означи празник	Als Feiertag markieren	Segna come festivo	Marcar como festivo	Marquer comme jour férié	Označi kao praznik	Marcar como feriado	Σήμανση ως αργία
Unmark holiday	Отстрани празник	Feiertag entfernen	Rimuovi festivo	Quitar festivo	Retirer le jour férié	Ukloni praznik	Desmarcar feriado	Αφαίρεση αργίας
Saturday work	Работа во сабота	Samstagsarbeit	Lavoro del sabato	Trabajo en sábado	Travail du samedi	Rad subotom	Trabalho no sábado	Εργασία Σαββάτου
Sunday work	Работа во недела	Sonntagsarbeit	Lavoro della domenica	Trabajo en domingo	Travail du dimanche	Rad nedeljom	Trabalho no domingo	Εργασία Κυριακής
Holiday work	Работа за празник	Feiertagsarbeit	Lavoro festivo	Trabajo en festivo	Travail férié	Rad praznikom	Trabalho em feriado	Εργασία αργίας
Use current job prices	Користи актуелни цени	Aktuelle Jobpreise verwenden	Usa tariffe attuali	Usar tarifas actuales	Utiliser les tarifs actuels	Koristi aktuelne cene	Usar valores atuais	Χρήση τρεχουσών τιμών
Estimated daily earnings	Проценета дневна заработка	Geschätzte Tageseinnahmen	Guadagni giornalieri stimati	Ingresos diarios estimados	Revenus journaliers estimés	Procenjena dnevna zarada	Ganhos diários estimados	Εκτιμώμενα ημερήσια έσοδα
Bonus amount	Износ на бонус	Bonusbetrag	Importo bonus	Importe del bono	Montant de la prime	Iznos bonusa	Valor do bônus	Ποσό μπόνους
Bonus	Бонус	Bonus	Bonus	Bono	Prime	Bonus	Bônus	Μπόνους
Work	Работна смена	Arbeit	Lavoro	Trabajo	Travail	Radna smena	Trabalho	Εργασία
Off	Слободен ден	Freier Tag	Riposo	Día libre	Repos	Slobodan dan	Folga	Ρεπό
Vacation	Одмор	Urlaub	Ferie	Vacaciones	Congés	Odmor	Férias	Άδεια
Sick	Боледување	Krank	Malattia	Baja médica	Maladie	Bolovanje	Licença médica	Αναρρωτική
Day type	Вид на ден	Tagestyp	Tipo di giorno	Tipo de día	Type de jour	Vrsta dana	Tipo de dia	Τύπος ημέρας
Current job prices	Актуелни цени	Aktuelle Jobpreise	Tariffe attuali	Tarifas actuales	Tarifs actuels	Aktuelne cene	Valores atuais	Τρέχουσες τιμές
Calendar actions	Дејства за календар	Kalenderaktionen	Azioni calendario	Acciones del calendario	Actions du calendrier	Radnje u kalendaru	Ações do calendário	Ενέργειες ημερολογίου
Selected color	Избрана боја	Gewählte Farbe	Colore selezionato	Color seleccionado	Couleur sélectionnée	Izabrana boja	Cor selecionada	Επιλεγμένο χρώμα
Image	Слика	Bild	Immagine	Imagen	Image	Slika	Imagem	Εικόνα
Android widget	Android додаток	Android-Widget	Widget Android	Widget Android	Widget Android	Android dodatak	Widget Android	Widget Android
Share schedule	Сподели распоред	Plan teilen	Condividi calendario	Compartir horario	Partager le planning	Podeli raspored	Compartilhar horário	Κοινοποίηση προγράμματος
Import roster	Увези распоред	Dienstplan importieren	Importa turni	Importar horario	Importer le planning	Uvezi raspored	Importar escala	Εισαγωγή προγράμματος
Import shifts	Увези смени	Schichten importieren	Importa turni	Importar turnos	Importer les postes	Uvezi smene	Importar turnos	Εισαγωγή βαρδιών
Choose image or PDF	Избери слика или PDF	Bild oder PDF wählen	Scegli immagine o PDF	Elegir imagen o PDF	Choisir une image ou un PDF	Izaberi sliku ili PDF	Escolher imagem ou PDF	Επιλογή εικόνας ή PDF
Paste or edit recognized text	Вметни или измени препознаен текст	Erkannten Text einfügen oder bearbeiten	Incolla o modifica il testo riconosciuto	Pegar o editar texto reconocido	Coller ou modifier le texte reconnu	Nalepi ili izmeni prepoznat tekst	Colar ou editar texto reconhecido	Επικόλληση ή επεξεργασία κειμένου
Review shifts	Провери смени	Schichten prüfen	Controlla turni	Revisar turnos	Vérifier les postes	Proveri smene	Revisar turnos	Έλεγχος βαρδιών
Import confirmed shifts	Увези потврдени смени	Bestätigte Schichten importieren	Importa turni confermati	Importar turnos confirmados	Importer les postes confirmés	Uvezi potvrđene smene	Importar turnos confirmados	Εισαγωγή επιβεβαιωμένων βαρδιών
Local backup	Локална резервна копија	Lokale Sicherung	Backup locale	Copia local	Sauvegarde locale	Lokalna kopija	Backup local	Τοπικό backup
Save backup file	Зачувај резервна копија	Sicherungsdatei speichern	Salva file di backup	Guardar archivo de copia	Enregistrer la sauvegarde	Sačuvaj datoteku kopije	Salvar arquivo de backup	Αποθήκευση αρχείου backup
Restore backup file	Врати резервна копија	Sicherungsdatei wiederherstellen	Ripristina file di backup	Restaurar archivo de copia	Restaurer le fichier de sauvegarde	Vrati datoteku kopije	Restaurar arquivo de backup	Επαναφορά αρχείου backup
Restore backup?	Врати резервна копија?	Sicherung wiederherstellen?	Ripristinare il backup?	¿Restaurar copia?	Restaurer la sauvegarde ?	Vrati kopiju?	Restaurar backup?	Επαναφορά backup;
Current pay period	Тековен платен период	Aktueller Abrechnungszeitraum	Periodo di paga attuale	Período de pago actual	Période de paie actuelle	Trenutni obračunski period	Período atual de pagamento	Τρέχουσα περίοδος πληρωμής
No active jobs.	Нема активни работи.	Keine aktiven Jobs.	Nessun lavoro attivo.	No hay trabajos activos.	Aucun emploi actif.	Nema aktivnih poslova.	Nenhum trabalho ativo.	Δεν υπάρχουν ενεργές εργασίες.
Previous year	Претходна година	Vorheriges Jahr	Anno precedente	Año anterior	Année précédente	Prethodna godina	Ano anterior	Προηγούμενο έτος
Next year	Следна година	Nächstes Jahr	Anno successivo	Año siguiente	Année suivante	Sledeća godina	Próximo ano	Επόμενο έτος
Previous month	Претходен месец	Vorheriger Monat	Mese precedente	Mes anterior	Mois précédent	Prethodni mesec	Mês anterior	Προηγούμενος μήνας
Next month	Следен месец	Nächster Monat	Mese successivo	Mes siguiente	Mois suivant	Sledeći mesec	Próximo mês	Επόμενος μήνας
Payment details	Детали за исплата	Zahlungsdetails	Dettagli pagamento	Detalles del pago	Détails de la paie	Detalji isplate	Detalhes do pagamento	Στοιχεία πληρωμής
Payday and covered dates	Исплата и платен период	Zahltag und bezahlter Zeitraum	Data e periodo pagato	Fecha y período pagado	Date de paie et période couverte	Isplata i obračunski period	Data e período pago	Ημερομηνία και περίοδος πληρωμής
Shifts and earnings today	Смени и заработка денес	Heutige Schichten und Einnahmen	Turni e guadagni di oggi	Turnos e ingresos de hoy	Postes et revenus du jour	Smene i zarada danas	Turnos e ganhos de hoje	Σημερινές βάρδιες και έσοδα
Display, reminders and backup	Приказ, потсетници и копии	Anzeige, Erinnerungen und Sicherung	Visualizzazione, promemoria e backup	Pantalla, recordatorios y copias	Affichage, rappels et sauvegarde	Prikaz, podsetnici i kopije	Exibição, lembretes e backup	Προβολή, υπενθυμίσεις και backup
Plan shifts and mark holidays	Планирај смени и означи празници	Schichten planen und Feiertage markieren	Pianifica turni e segna festivi	Planifica turnos y marca festivos	Planifiez les postes et jours fériés	Planiraj smene i označi praznike	Planeje turnos e marque feriados	Προγραμμάτισε βάρδιες και αργίες
Hours, pay and next payments	Часови, заработка и следни исплати	Stunden, Vergütung und Zahlungen	Ore, paga e prossimi pagamenti	Horas, pago y próximos pagos	Heures, rémunération et paiements	Sati, zarada i sledeće isplate	Horas, ganhos e próximos pagamentos	Ώρες, αμοιβή και επόμενες πληρωμές
Pay and shift rules	Плата и правила за смени	Vergütung und Schichtregeln	Paga e regole dei turni	Pago y reglas de turnos	Paie et règles des postes	Plata i pravila smena	Pagamento e regras de turnos	Αμοιβή και κανόνες βαρδιών
Times, breaks and earnings	Часови, паузи и заработка	Zeiten, Pausen und Einnahmen	Orari, pause e guadagni	Horarios, pausas e ingresos	Horaires, pauses et revenus	Vreme, pauze i zarada	Horários, pausas e ganhos	Ώρες, διαλείμματα και έσοδα
Repeat and review shifts	Повтори и прегледај смени	Schichten wiederholen und prüfen	Ripeti e controlla turni	Repetir y revisar turnos	Répéter et vérifier les postes	Ponovi i pregledaj smene	Repetir e revisar turnos	Επανάληψη και έλεγχος βαρδιών
Review before saving	Провери пред зачувување	Vor dem Speichern prüfen	Controlla prima di salvare	Revisar antes de guardar	Vérifier avant d’enregistrer	Proveri pre čuvanja	Revisar antes de salvar	Έλεγχος πριν την αποθήκευση
Export as PDF or image	Извези како PDF или слика	Als PDF oder Bild exportieren	Esporta come PDF o immagine	Exportar como PDF o imagen	Exporter en PDF ou image	Izvezi kao PDF ili sliku	Exportar como PDF ou imagem	Εξαγωγή ως PDF ή εικόνα
Choose an earnings period	Избери период на заработка	Einnahmenzeitraum wählen	Scegli un periodo di guadagni	Elegir período de ingresos	Choisir une période de revenus	Izaberi period zarade	Escolher período de ganhos	Επιλογή περιόδου εσόδων
Separate pay rules for every job.	Посебни правила за секоја работа.	Eigene Vergütungsregeln für jeden Job.	Regole di paga separate per ogni lavoro.	Reglas de pago separadas por trabajo.	Des règles de rémunération pour chaque emploi.	Posebna pravila plaćanja za svaki posao.	Regras de pagamento para cada trabalho.	Ξεχωριστοί κανόνες πληρωμής για κάθε εργασία.
One app for every job you work.	Една апликација за секоја твоја работа.	Eine App für alle deine Jobs.	Un’app per ogni tuo lavoro.	Una app para todos tus trabajos.	Une appli pour tous vos emplois.	Jedna aplikacija za svaki tvoj posao.	Um app para todos os seus trabalhos.	Μία εφαρμογή για όλες τις εργασίες σου.
Add a job, set your pay and start planning your shifts.	Додај работа, постави плата и планирај смени.	Job hinzufügen, Vergütung festlegen und Schichten planen.	Aggiungi un lavoro, imposta la paga e pianifica i turni.	Añade un trabajo, fija tu pago y planifica turnos.	Ajoutez un emploi, définissez la paie et planifiez vos postes.	Dodaj posao, postavi platu i planiraj smene.	Adicione um trabalho, defina o pagamento e planeje turnos.	Πρόσθεσε εργασία, όρισε αμοιβή και προγραμμάτισε βάρδιες.
Add your first job	Додај ја првата работа	Ersten Job hinzufügen	Aggiungi il primo lavoro	Añade tu primer trabajo	Ajoutez votre premier emploi	Dodaj prvi posao	Adicione seu primeiro trabalho	Πρόσθεσε την πρώτη εργασία σου
Explore example schedule	Разгледај пример распоред	Beispielplan ansehen	Esplora calendario di esempio	Explorar horario de ejemplo	Explorer un exemple de planning	Pogledaj primer rasporeda	Explorar horário de exemplo	Δες ένα ενδεικτικό πρόγραμμα
Load example schedule?	Вчитај пример распоред?	Beispielplan laden?	Caricare un calendario di esempio?	¿Cargar horario de ejemplo?	Charger un exemple de planning ?	Učitaj primer rasporeda?	Carregar horário de exemplo?	Φόρτωση ενδεικτικού προγράμματος;
Load examples	Вчитај примери	Beispiele laden	Carica esempi	Cargar ejemplos	Charger des exemples	Učitaj primere	Carregar exemplos	Φόρτωση παραδειγμάτων
Add Factory, Taxi and Restaurant with example shifts. You can edit them or start with your own jobs instead.	Додај Фабрика, Такси и Ресторан со пример смени. Измени ги или внеси свои работи.	Fabrik, Taxi und Restaurant mit Beispielschichten hinzufügen. Bearbeite sie oder lege eigene Jobs an.	Aggiungi Fabbrica, Taxi e Ristorante con turni di esempio. Modificali o inserisci i tuoi lavori.	Añade Fábrica, Taxi y Restaurante con turnos de ejemplo. Edítalos o añade tus propios trabajos.	Ajoutez Usine, Taxi et Restaurant avec des postes d’exemple. Modifiez-les ou ajoutez vos emplois.	Dodaj Fabriku, Taksi i Restoran sa primerima smena. Izmeni ih ili dodaj svoje poslove.	Adicione Fábrica, Táxi e Restaurante com turnos de exemplo. Edite-os ou adicione seus trabalhos.	Πρόσθεσε Εργοστάσιο, Ταξί και Εστιατόριο με ενδεικτικές βάρδιες. Άλλαξέ τα ή πρόσθεσε τις δικές σου εργασίες.
Used for new jobs. Each job keeps its own currency.	За нови работи. Секоја работа ја задржува својата валута.	Für neue Jobs. Jeder Job behält seine Währung.	Per nuovi lavori. Ogni lavoro mantiene la propria valuta.	Para nuevos trabajos. Cada trabajo conserva su moneda.	Pour les nouveaux emplois. Chacun conserve sa devise.	Za nove poslove. Svaki posao zadržava svoju valutu.	Para novos trabalhos. Cada trabalho mantém sua moeda.	Για νέες εργασίες. Κάθε εργασία διατηρεί το νόμισμά της.
Overlaps and short gaps appear in Calendar.	Преклопувања и краток одмор се прикажуваат во Календар.	Überschneidungen und kurze Pausen erscheinen im Kalender.	Sovrapposizioni e riposi brevi appaiono nel calendario.	Los solapamientos y descansos cortos aparecen en el calendario.	Les chevauchements et repos courts apparaissent dans le calendrier.	Preklapanja i kratak odmor se prikazuju u kalendaru.	Sobreposições e descansos curtos aparecem no calendário.	Οι επικαλύψεις και οι σύντομες αναπαύσεις εμφανίζονται στο ημερολόγιο.
Holidays replace weekend prices. Overtime uses the higher price.	Празникот ја заменува викенд цената. За прекувремена важи повисоката цена.	Feiertage ersetzen Wochenendpreise. Für Überstunden gilt der höhere Preis.	I festivi sostituiscono le tariffe del fine settimana. Gli straordinari usano la tariffa maggiore.	Los festivos sustituyen las tarifas de fin de semana. Las horas extra usan la tarifa mayor.	Les jours fériés remplacent les tarifs de week-end. Les heures supplémentaires utilisent le tarif supérieur.	Praznici zamenjuju vikend cene. Za prekovremeno važi viša cena.	Feriados substituem valores de fim de semana. Horas extras usam o maior valor.	Οι αργίες αντικαθιστούν τις τιμές Σαββατοκύριακου. Οι υπερωρίες χρησιμοποιούν την υψηλότερη τιμή.
Night additions use the regular hourly price.	Ноќниот додаток се пресметува од редовната цена по час.	Nachtzuschläge basieren auf dem regulären Stundenpreis.	La maggiorazione notturna usa la tariffa oraria ordinaria.	El complemento nocturno usa la tarifa horaria regular.	Les majorations de nuit utilisent le tarif horaire normal.	Noćni dodaci se računaju iz redovne satnice.	Adicionais noturnos usam o valor da hora regular.	Οι νυχτερινές προσαυξήσεις βασίζονται στην κανονική ωριαία τιμή.
Past shifts keep their saved prices. Shift times and breaks stay as entered.	Минатите смени ги задржуваат цените. Часовите и паузите остануваат како внесени.	Vergangene Schichten behalten gespeicherte Preise. Zeiten und Pausen bleiben unverändert.	I turni passati mantengono le tariffe salvate. Orari e pause restano invariati.	Los turnos pasados conservan sus tarifas. Horarios y pausas no cambian.	Les postes passés conservent leurs tarifs. Horaires et pauses restent inchangés.	Prošle smene zadržavaju cene. Vreme i pauze ostaju kako su uneti.	Turnos passados mantêm os valores. Horários e pausas não mudam.	Οι παλιές βάρδιες διατηρούν τις τιμές τους. Ώρες και διαλείμματα παραμένουν ίδια.
Hourly prices applied. Unpaid breaks are deducted.	Применети се цени по час. Неплатените паузи се одземени.	Stundenpreise angewendet. Unbezahlte Pausen werden abgezogen.	Tariffe orarie applicate. Le pause non pagate sono detratte.	Tarifas horarias aplicadas. Se descuentan las pausas no pagadas.	Tarifs horaires appliqués. Les pauses non rémunérées sont déduites.	Primenjene su satnice. Neplaćene pauze su oduzete.	Valores por hora aplicados. Pausas não remuneradas são descontadas.	Εφαρμόστηκαν ωριαίες τιμές. Αφαιρούνται τα μη αμειβόμενα διαλείμματα.
Days off, vacation and sick leave have no estimated pay.	За слободни денови, одмор и боледување нема проценета плата.	Freie Tage, Urlaub und Krankheit haben keine geschätzte Vergütung.	Riposo, ferie e malattia non hanno paga stimata.	Los días libres, vacaciones y bajas no tienen pago estimado.	Les repos, congés et arrêts maladie n’ont pas de paie estimée.	Za slobodne dane, odmor i bolovanje nema procenjene plate.	Folgas, férias e licença médica não têm pagamento estimado.	Τα ρεπό, οι άδειες και οι αναρρωτικές δεν έχουν εκτιμώμενη αμοιβή.
Delete this shift?	Избриши ја смената?	Diese Schicht löschen?	Eliminare questo turno?	¿Eliminar este turno?	Supprimer ce poste ?	Obriši ovu smenu?	Excluir este turno?	Διαγραφή αυτής της βάρδιας;
This removes the shift from your calendar and earnings.	Смената ќе се отстрани од календарот и заработката.	Entfernt die Schicht aus Kalender und Einnahmen.	Rimuove il turno dal calendario e dai guadagni.	Elimina el turno del calendario y los ingresos.	Retire le poste du calendrier et des revenus.	Uklanja smenu iz kalendara i zarade.	Remove o turno do calendário e dos ganhos.	Αφαιρεί τη βάρδια από το ημερολόγιο και τα έσοδα.
Enter a job name and a valid rate (0 or more).	Внеси име на работа и цена (0 или повеќе).	Jobname und gültigen Preis eingeben (ab 0).	Inserisci nome e tariffa valida (0 o più).	Introduce nombre y tarifa válida (0 o más).	Saisissez un nom et un tarif valide (0 ou plus).	Unesi naziv posla i cenu (0 ili više).	Insira nome e valor válido (0 ou mais).	Εισάγετε όνομα εργασίας και έγκυρη τιμή (0 ή μεγαλύτερη).
Enter valid cost amounts (0 or more).	Внеси валидни трошоци (0 или повеќе).	Gültige Kostenbeträge eingeben (ab 0).	Inserisci costi validi (0 o più).	Introduce gastos válidos (0 o más).	Saisissez des frais valides (0 ou plus).	Unesi važeće troškove (0 ili više).	Insira custos válidos (0 ou mais).	Εισάγετε έγκυρα έξοδα (0 ή μεγαλύτερα).
Numbers must be valid and non-negative.	Броевите мора да бидат валидни и ненегативни.	Zahlen müssen gültig und nicht negativ sein.	I numeri devono essere validi e non negativi.	Los números deben ser válidos y no negativos.	Les nombres doivent être valides et non négatifs.	Brojevi moraju biti važeći i nenegativni.	Os números devem ser válidos e não negativos.	Οι αριθμοί πρέπει να είναι έγκυροι και μη αρνητικοί.
Start and end must differ.	Почетокот и крајот мора да се разликуваат.	Beginn und Ende müssen verschieden sein.	Inizio e fine devono essere diversi.	El inicio y el fin deben ser distintos.	Le début et la fin doivent différer.	Početak i kraj moraju biti različiti.	Início e fim devem ser diferentes.	Η έναρξη και η λήξη πρέπει να διαφέρουν.
Break must be shorter than the shift.	Паузата мора да е пократка од смената.	Die Pause muss kürzer als die Schicht sein.	La pausa deve essere più breve del turno.	La pausa debe ser más corta que el turno.	La pause doit être plus courte que le poste.	Pauza mora biti kraća od smene.	A pausa deve ser menor que o turno.	Το διάλειμμα πρέπει να είναι μικρότερο από τη βάρδια.
This shift already exists.	Оваа смена веќе постои.	Diese Schicht ist bereits vorhanden.	Questo turno esiste già.	Este turno ya existe.	Ce poste existe déjà.	Ova smena već postoji.	Este turno já existe.	Αυτή η βάρδια υπάρχει ήδη.
Select days and valid dates/times; maximum 366 days.	Избери денови и валидни датуми/часови; најмногу 366 дена.	Tage und gültige Daten/Zeiten wählen; maximal 366 Tage.	Scegli giorni e date/orari validi; massimo 366 giorni.	Elige días y fechas/horas válidas; máximo 366 días.	Choisissez des jours et dates/heures valides ; maximum 366 jours.	Izaberi dane i važeće datume/vreme; najviše 366 dana.	Escolha dias e datas/horários válidos; máximo 366 dias.	Επίλεξε ημέρες και έγκυρες ημερομηνίες/ώρες· έως 366 ημέρες.
Check dates and times before importing. Nothing is saved automatically.	Провери датуми и часови пред увоз. Ништо не се зачувува автоматски.	Daten und Zeiten vor dem Import prüfen. Nichts wird automatisch gespeichert.	Controlla date e orari prima di importare. Nulla viene salvato automaticamente.	Revisa fechas y horas antes de importar. Nada se guarda automáticamente.	Vérifiez dates et horaires avant l’import. Rien n’est enregistré automatiquement.	Proveri datume i vreme pre uvoza. Ništa se ne čuva automatski.	Confira datas e horários antes de importar. Nada é salvo automaticamente.	Έλεγξε ημερομηνίες και ώρες πριν την εισαγωγή. Τίποτα δεν αποθηκεύεται αυτόματα.
Image recognition supports Latin text. You can correct or enter Cyrillic text below.	Препознавањето поддржува латиница. Подолу поправи или внеси кирилица.	Bilderkennung unterstützt lateinischen Text. Kyrillischen Text unten korrigieren oder eingeben.	Il riconoscimento supporta testo latino. Correggi o inserisci testo cirillico sotto.	El reconocimiento admite texto latino. Corrige o introduce texto cirílico abajo.	La reconnaissance prend en charge le latin. Corrigez ou saisissez du cyrillique ci-dessous.	Prepoznavanje podržava latinicu. Ispod ispravi ili unesi ćirilicu.	O reconhecimento aceita texto latino. Corrija ou insira cirílico abaixo.	Η αναγνώριση υποστηρίζει λατινικό κείμενο. Διόρθωσε ή εισάγαγε κυριλλικό κείμενο παρακάτω.
No matching shifts. Use YYYY-MM-DD HH:mm-HH:mm, one shift per line.	Нема смени. Користи YYYY-MM-DD HH:mm-HH:mm, една смена во ред.	Keine passenden Schichten. YYYY-MM-DD HH:mm-HH:mm verwenden, eine pro Zeile.	Nessun turno trovato. Usa YYYY-MM-DD HH:mm-HH:mm, uno per riga.	No hay turnos coincidentes. Usa YYYY-MM-DD HH:mm-HH:mm, uno por línea.	Aucun poste correspondant. Utilisez YYYY-MM-DD HH:mm-HH:mm, un par ligne.	Nema smena. Koristi YYYY-MM-DD HH:mm-HH:mm, jednu po redu.	Nenhum turno encontrado. Use YYYY-MM-DD HH:mm-HH:mm, um por linha.	Δεν βρέθηκαν βάρδιες. Χρησιμοποίησε YYYY-MM-DD HH:mm-HH:mm, μία ανά γραμμή.
Could not read file. Try another image or enter text below.	Датотеката не се чита. Пробај друга слика или внеси текст подолу.	Datei nicht lesbar. Anderes Bild versuchen oder Text eingeben.	File non leggibile. Prova un’altra immagine o inserisci testo sotto.	No se puede leer el archivo. Prueba otra imagen o introduce texto abajo.	Fichier illisible. Essayez une autre image ou saisissez du texte.	Datoteka se ne čita. Probaj drugu sliku ili unesi tekst ispod.	Não foi possível ler o arquivo. Tente outra imagem ou insira texto.	Δεν ήταν δυνατή η ανάγνωση. Δοκίμασε άλλη εικόνα ή εισάγαγε κείμενο.
This replaces your local jobs and shifts. Save a backup first.	Ќе ги замени локалните работи и смени. Прво зачувај копија.	Ersetzt lokale Jobs und Schichten. Zuerst eine Sicherung speichern.	Sostituisce lavori e turni locali. Salva prima un backup.	Sustituye trabajos y turnos locales. Guarda primero una copia.	Remplace vos emplois et postes locaux. Sauvegardez d’abord.	Zamenjuje lokalne poslove i smene. Prvo sačuvaj kopiju.	Substitui trabalhos e turnos locais. Faça um backup antes.	Αντικαθιστά τοπικές εργασίες και βάρδιες. Αποθήκευσε πρώτα ένα backup.
Add a widget from your phone home screen.	Додај додаток од почетниот екран на телефонот.	Widget auf dem Startbildschirm hinzufügen.	Aggiungi un widget dalla schermata iniziale.	Añade un widget desde la pantalla de inicio.	Ajoutez un widget depuis l’écran d’accueil.	Dodaj dodatak sa početnog ekrana.	Adicione um widget pela tela inicial.	Πρόσθεσε widget από την αρχική οθόνη.
Notifications may be delayed by Android battery settings.	Android може да ги одложи потсетниците поради штедење батерија.	Android-Akkueinstellungen können Erinnerungen verzögern.	Le impostazioni batteria Android possono ritardare le notifiche.	Los ajustes de batería de Android pueden retrasar avisos.	Les réglages de batterie Android peuvent retarder les notifications.	Android podešavanja baterije mogu odložiti obaveštenja.	Configurações de bateria do Android podem atrasar notificações.	Οι ρυθμίσεις μπαταρίας Android μπορεί να καθυστερούν ειδοποιήσεις.
Saving…	Се зачувува…	Wird gespeichert…	Salvataggio…	Guardando…	Enregistrement…	Čuvanje…	Salvando…	Αποθήκευση…
Renews yearly. Cancel anytime in Google Play. The price and terms shown by Google Play apply.	Се обновува годишно. Откажи во Google Play. Важат цената и условите прикажани таму.	Verlängert sich jährlich. Jederzeit in Google Play kündbar. Es gelten dessen Preis und Bedingungen.	Si rinnova ogni anno. Annulla su Google Play. Valgono prezzo e condizioni mostrati lì.	Se renueva anualmente. Cancela en Google Play. Se aplican el precio y las condiciones mostrados allí.	Renouvellement annuel. Annulez dans Google Play. Le prix et les conditions affichés s’appliquent.	Obnavlja se godišnje. Otkaži u Google Play-u. Važe tamo prikazana cena i uslovi.	Renova anualmente. Cancele no Google Play. Valem o preço e os termos exibidos lá.	Ανανεώνεται ετησίως. Ακύρωσε στο Google Play. Ισχύουν η τιμή και οι όροι που εμφανίζονται εκεί.
Subscription is not available in Google Play yet. Please try again later.	Претплатата сè уште не е достапна во Google Play. Пробај подоцна.	Abo noch nicht bei Google Play verfügbar. Bitte später erneut versuchen.	Abbonamento non ancora disponibile su Google Play. Riprova più tardi.	La suscripción aún no está disponible en Google Play. Inténtalo más tarde.	L’abonnement n’est pas encore disponible sur Google Play. Réessayez plus tard.	Pretplata još nije dostupna u Google Play-u. Probaj kasnije.	A assinatura ainda não está disponível no Google Play. Tente mais tarde.	Η συνδρομή δεν είναι ακόμη διαθέσιμη στο Google Play. Δοκίμασε αργότερα.
Your jobs remain on this phone. Signing in does not replace your local data.	Работите остануваат на телефонот. Најавувањето не ги заменува локалните податоци.	Deine Jobs bleiben auf diesem Handy. Eine Anmeldung ersetzt keine lokalen Daten.	I lavori restano sul telefono. L’accesso non sostituisce i dati locali.	Tus trabajos permanecen en el teléfono. Iniciar sesión no sustituye los datos locales.	Vos emplois restent sur ce téléphone. La connexion ne remplace pas les données locales.	Poslovi ostaju na telefonu. Prijava ne zamenjuje lokalne podatke.	Seus trabalhos ficam no telefone. Entrar não substitui os dados locais.	Οι εργασίες παραμένουν στο τηλέφωνο. Η σύνδεση δεν αντικαθιστά τα τοπικά δεδομένα.
Sent at the start of the next month or year to your verified account email. Reports use your latest cloud backup.	Се испраќаат на почетокот на следниот месец или година на потврдената е-пошта. Се користи последната cloud копија.	Zu Beginn des nächsten Monats oder Jahres an deine bestätigte E-Mail. Berichte nutzen die letzte Cloud-Sicherung.	Inviati all’inizio del mese o anno seguente all’email verificata. Usano l’ultimo backup cloud.	Se envían al inicio del siguiente mes o año al correo verificado. Usan tu última copia en la nube.	Envoyés au début du mois ou de l’année suivante à votre e-mail vérifié. Ils utilisent la dernière sauvegarde cloud.	Šalju se početkom sledećeg meseca ili godine na potvrđenu e-poštu. Koriste poslednju kopiju u oblaku.	Enviados no início do próximo mês ou ano ao e-mail verificado. Usam o último backup na nuvem.	Αποστέλλονται στην αρχή του επόμενου μήνα ή έτους στο επαληθευμένο email. Χρησιμοποιούν το τελευταίο cloud backup.
Replace this phone's jobs and shifts with your latest cloud backup? Save a manual backup first if you want to keep both.	Да ги заменам работите и смените со последната cloud копија? Прво зачувај рачна копија за да ги задржиш двете.	Jobs und Schichten durch die letzte Cloud-Sicherung ersetzen? Sichere vorher manuell, um beide zu behalten.	Sostituire lavori e turni con l’ultimo backup cloud? Salva prima un backup manuale per tenerli entrambi.	¿Sustituir trabajos y turnos por la última copia en la nube? Guarda una copia manual para conservar ambos.	Remplacer emplois et postes par la dernière sauvegarde cloud ? Sauvegardez manuellement pour garder les deux.	Zameni poslove i smene poslednjom kopijom u oblaku? Prvo sačuvaj ručnu kopiju da zadržiš obe.	Substituir trabalhos e turnos pelo último backup da nuvem? Faça um backup manual para manter ambos.	Αντικατάσταση εργασιών και βαρδιών με το τελευταίο cloud backup; Αποθήκευσε πρώτα χειροκίνητο backup για να κρατήσεις και τα δύο.
Upload this phone's data to your account? If another phone has a newer backup, restore it first.	Да ги поставам податоците на профилот? Ако друг телефон има понова копија, прво врати ја.	Daten dieses Handys ins Konto laden? Bei neuerer Sicherung auf einem anderen Handy zuerst wiederherstellen.	Caricare i dati nell’account? Se un altro telefono ha un backup più recente, ripristinalo prima.	¿Subir los datos a tu cuenta? Si otro teléfono tiene una copia más reciente, restáurala primero.	Importer les données vers votre compte ? Si un autre téléphone a une sauvegarde plus récente, restaurez-la d’abord.	Otpremi podatke na nalog? Ako drugi telefon ima noviju kopiju, prvo je vrati.	Enviar os dados à sua conta? Se outro telefone tiver backup mais recente, restaure-o antes.	Αποστολή δεδομένων στον λογαριασμό; Αν άλλο τηλέφωνο έχει νεότερο backup, επανάφερέ το πρώτα.
Permanently delete your account and cloud backups? Local jobs stay on this phone. Cancel your subscription separately in Google Play. You may need to sign in again.	Трајно да се избришат профилот и cloud копиите? Локалните работи остануваат. Претплатата откажи ја во Google Play. Можеби треба повторна најава.	Konto und Cloud-Sicherungen endgültig löschen? Lokale Jobs bleiben. Abo separat in Google Play kündigen. Erneute Anmeldung kann nötig sein.	Eliminare definitivamente account e backup cloud? I lavori locali restano. Annulla l’abbonamento su Google Play. Potrebbe servire un nuovo accesso.	¿Eliminar la cuenta y copias en la nube para siempre? Los trabajos locales permanecen. Cancela la suscripción en Google Play. Puede requerirse iniciar sesión de nuevo.	Supprimer définitivement compte et sauvegardes cloud ? Les emplois locaux restent. Annulez l’abonnement dans Google Play. Une nouvelle connexion peut être nécessaire.	Trajno obriši nalog i kopije u oblaku? Lokalni poslovi ostaju. Otkaži pretplatu u Google Play-u. Možda je potrebna nova prijava.	Excluir conta e backups da nuvem permanentemente? Trabalhos locais ficam. Cancele a assinatura no Google Play. Pode ser necessário entrar novamente.	Οριστική διαγραφή λογαριασμού και cloud backup; Οι τοπικές εργασίες παραμένουν. Ακύρωσε τη συνδρομή στο Google Play. Ίσως χρειαστεί νέα σύνδεση.
Weekly: once per workweek, on its first workday. Monthly: once per working month. Current cost rules apply to report history.	Неделно: еднаш во работна недела, на првиот работен ден. Месечно: еднаш во месец со работа. Актуелните трошоци важат и за старите извештаи.	Wöchentlich: einmal je Arbeitswoche am ersten Arbeitstag. Monatlich: einmal je Arbeitsmonat. Aktuelle Kostenregeln gelten auch für frühere Berichte.	Settimanale: una volta per settimana lavorata, al primo giorno. Mensile: una volta per mese lavorato. I costi attuali si applicano ai report passati.	Semanal: una vez por semana trabajada, el primer día. Mensual: una vez por mes trabajado. Los gastos actuales se aplican al historial.	Hebdomadaire : une fois par semaine travaillée, au premier jour. Mensuel : une fois par mois travaillé. Les frais actuels s’appliquent aux rapports passés.	Nedeljno: jednom po radnoj nedelji, prvog radnog dana. Mesečno: jednom po mesecu sa radom. Aktuelni troškovi važe i za stare izveštaje.	Semanal: uma vez por semana trabalhada, no primeiro dia. Mensal: uma vez por mês trabalhado. Custos atuais se aplicam ao histórico.	Εβδομαδιαία: μία φορά ανά εβδομάδα εργασίας, την πρώτη εργάσιμη ημέρα. Μηνιαία: μία φορά ανά μήνα εργασίας. Τα τρέχοντα έξοδα ισχύουν και για παλιές αναφορές.
No app could open this report. Please install a PDF viewer or try Share.	Нема апликација за овој извештај. Инсталирај PDF читач или пробај Сподели.	Keine App konnte den Bericht öffnen. PDF-Viewer installieren oder Teilen versuchen.	Nessuna app può aprire il report. Installa un lettore PDF o prova Condividi.	Ninguna app pudo abrir el informe. Instala un lector PDF o prueba Compartir.	Aucune appli ne peut ouvrir le rapport. Installez un lecteur PDF ou essayez Partager.	Nema aplikacije za izveštaj. Instaliraj PDF čitač ili probaj Podeli.	Nenhum app abriu o relatório. Instale um leitor PDF ou tente Compartilhar.	Καμία εφαρμογή δεν άνοιξε την αναφορά. Εγκατάστησε αναγνώστη PDF ή δοκίμασε Κοινοποίηση.
If an account exists, a reset email has been sent.	Ако постои профил, испратена е е-пошта за промена на лозинка.	Falls ein Konto existiert, wurde eine E-Mail zum Zurücksetzen gesendet.	Se esiste un account, è stata inviata un’email di ripristino.	Si existe una cuenta, se ha enviado un correo de restablecimiento.	Si un compte existe, un e-mail de réinitialisation a été envoyé.	Ako nalog postoji, poslata je e-pošta za resetovanje.	Se a conta existir, um e-mail de redefinição foi enviado.	Αν υπάρχει λογαριασμός, στάλθηκε email επαναφοράς.
Google Play purchase failed. Please try again.	Купувањето во Google Play не успеа. Пробај повторно.	Google-Play-Kauf fehlgeschlagen. Bitte erneut versuchen.	Acquisto Google Play non riuscito. Riprova.	La compra en Google Play falló. Inténtalo de nuevo.	L’achat Google Play a échoué. Réessayez.	Kupovina u Google Play-u nije uspela. Probaj ponovo.	A compra no Google Play falhou. Tente novamente.	Η αγορά στο Google Play απέτυχε. Δοκίμασε ξανά.
Payment is pending. Premium activates after payment is confirmed.	Плаќањето е во тек. Premium се активира по потврда на плаќањето.	Zahlung ausstehend. Premium wird nach Bestätigung aktiviert.	Pagamento in attesa. Premium si attiva dopo la conferma.	Pago pendiente. Premium se activa tras confirmarlo.	Paiement en attente. Premium s’active après confirmation.	Plaćanje je na čekanju. Premium se aktivira nakon potvrde.	Pagamento pendente. Premium ativa após a confirmação.	Η πληρωμή εκκρεμεί. Το Premium ενεργοποιείται μετά την επιβεβαίωση.
Check your email and password.	Провери ја е-поштата и лозинката.	E-Mail und Passwort prüfen.	Controlla email e password.	Comprueba correo y contraseña.	Vérifiez l’e-mail et le mot de passe.	Proveri e-poštu i lozinku.	Confira e-mail e senha.	Έλεγξε email και κωδικό.
An account already exists. Try Sign in.	Веќе постои профил. Пробај Најави се.	Konto bereits vorhanden. Versuche Anmelden.	Account già esistente. Prova Accedi.	La cuenta ya existe. Prueba Iniciar sesión.	Le compte existe déjà. Essayez Se connecter.	Nalog već postoji. Probaj Prijavi se.	A conta já existe. Tente Entrar.	Ο λογαριασμός υπάρχει ήδη. Δοκίμασε Σύνδεση.
Use a password with at least 8 characters.	Користи лозинка со најмалку 8 знаци.	Passwort mit mindestens 8 Zeichen verwenden.	Usa una password di almeno 8 caratteri.	Usa una contraseña de al menos 8 caracteres.	Utilisez un mot de passe d’au moins 8 caractères.	Koristi lozinku sa najmanje 8 znakova.	Use senha com pelo menos 8 caracteres.	Χρησιμοποίησε κωδικό τουλάχιστον 8 χαρακτήρων.
A newer cloud backup exists. Restore it before uploading.	Има понова cloud копија. Врати ја пред поставување.	Neuere Cloud-Sicherung vorhanden. Vor dem Hochladen wiederherstellen.	Esiste un backup cloud più recente. Ripristinalo prima di caricare.	Hay una copia en la nube más reciente. Restáurala antes de subir datos.	Une sauvegarde cloud plus récente existe. Restaurez-la avant l’envoi.	Postoji novija kopija u oblaku. Vrati je pre otpremanja.	Há um backup na nuvem mais recente. Restaure antes de enviar.	Υπάρχει νεότερο cloud backup. Επανάφερέ το πριν την αποστολή.
Premium is required, or this purchase belongs to another account.	Потребен е Premium или купувањето припаѓа на друг профил.	Premium erforderlich oder der Kauf gehört zu einem anderen Konto.	Serve Premium o l’acquisto appartiene a un altro account.	Se requiere Premium o la compra pertenece a otra cuenta.	Premium est requis ou cet achat appartient à un autre compte.	Potreban je Premium ili kupovina pripada drugom nalogu.	É necessário Premium ou a compra pertence a outra conta.	Απαιτείται Premium ή η αγορά ανήκει σε άλλο λογαριασμό.
Verify your email or sign in again, then retry.	Потврди ја е-поштата или најави се повторно, па пробај.	E-Mail bestätigen oder erneut anmelden, dann wiederholen.	Verifica l’email o accedi di nuovo, poi riprova.	Verifica el correo o inicia sesión de nuevo y reintenta.	Vérifiez l’e-mail ou reconnectez-vous, puis réessayez.	Potvrdi e-poštu ili se ponovo prijavi, pa probaj.	Verifique o e-mail ou entre novamente e tente outra vez.	Επαλήθευσε το email ή συνδέσου ξανά και δοκίμασε πάλι.
Could not connect. Check your connection and try again.	Нема поврзување. Провери интернет и пробај повторно.	Keine Verbindung. Internet prüfen und erneut versuchen.	Connessione non riuscita. Controlla la rete e riprova.	No se pudo conectar. Comprueba la conexión y reintenta.	Connexion impossible. Vérifiez votre connexion et réessayez.	Nema veze. Proveri internet i probaj ponovo.	Não foi possível conectar. Confira a conexão e tente novamente.	Δεν ήταν δυνατή η σύνδεση. Έλεγξε τη σύνδεσή σου και δοκίμασε ξανά.
Backup saved.	Копијата е зачувана.	Sicherung gespeichert.	Backup salvato.	Copia guardada.	Sauvegarde enregistrée.	Kopija je sačuvana.	Backup salvo.	Το backup αποθηκεύτηκε.
File could not be saved.	Датотеката не се зачува.	Datei konnte nicht gespeichert werden.	Impossibile salvare il file.	No se pudo guardar el archivo.	Impossible d’enregistrer le fichier.	Datoteka nije sačuvana.	Não foi possível salvar o arquivo.	Δεν ήταν δυνατή η αποθήκευση του αρχείου.
Invalid backup. Current data is unchanged.	Невалидна копија. Податоците не се променети.	Ungültige Sicherung. Aktuelle Daten sind unverändert.	Backup non valido. I dati attuali non sono cambiati.	Copia inválida. Los datos actuales no han cambiado.	Sauvegarde invalide. Les données actuelles sont inchangées.	Nevažeća kopija. Trenutni podaci nisu promenjeni.	Backup inválido. Os dados atuais não mudaram.	Μη έγκυρο backup. Τα τρέχοντα δεδομένα δεν άλλαξαν.
Changes could not be saved. Please try again.	Промените не се зачуваа. Пробај повторно.	Änderungen konnten nicht gespeichert werden. Erneut versuchen.	Impossibile salvare le modifiche. Riprova.	No se pudieron guardar los cambios. Reintenta.	Impossible d’enregistrer les modifications. Réessayez.	Promene nisu sačuvane. Probaj ponovo.	Não foi possível salvar as alterações. Tente novamente.	Δεν αποθηκεύτηκαν οι αλλαγές. Δοκίμασε ξανά.
Could not read saved data. Your file has been kept. Close the app and contact support before making changes.	Зачуваните податоци не се читаат. Датотеката е зачувана. Затвори ја апликацијата и контактирај поддршка пред промени.	Gespeicherte Daten nicht lesbar. Datei wurde behalten. App schließen und vor Änderungen Support kontaktieren.	Dati salvati non leggibili. Il file è conservato. Chiudi l’app e contatta l’assistenza prima di modificare.	No se pueden leer los datos guardados. El archivo se conserva. Cierra la app y contacta con soporte antes de cambiar nada.	Données sauvegardées illisibles. Le fichier est conservé. Fermez l’appli et contactez l’assistance avant toute modification.	Sačuvani podaci se ne čitaju. Datoteka je sačuvana. Zatvori aplikaciju i kontaktiraj podršku pre izmena.	Não foi possível ler os dados salvos. O arquivo foi mantido. Feche o app e contate o suporte antes de alterar.	Δεν διαβάζονται τα αποθηκευμένα δεδομένα. Το αρχείο διατηρήθηκε. Κλείσε την εφαρμογή και επικοινώνησε με υποστήριξη πριν αλλάξεις κάτι.
Examples are available only before adding jobs.	Примерите се достапни само пред да додадеш работи.	Beispiele sind nur vor dem Hinzufügen von Jobs verfügbar.	Gli esempi sono disponibili prima di aggiungere lavori.	Los ejemplos están disponibles antes de añadir trabajos.	Les exemples sont disponibles avant d’ajouter des emplois.	Primeri su dostupni pre dodavanja poslova.	Exemplos estão disponíveis antes de adicionar trabalhos.	Τα παραδείγματα είναι διαθέσιμα πριν προσθέσεις εργασίες.
Notifications need permission in phone settings.	Дозволи известувања во поставките на телефонот.	Benachrichtigungen in den Handyeinstellungen erlauben.	Consenti notifiche nelle impostazioni del telefono.	Permite notificaciones en los ajustes del teléfono.	Autorisez les notifications dans les réglages du téléphone.	Dozvoli obaveštenja u podešavanjima telefona.	Permita notificações nas configurações do telefone.	Επίτρεψε ειδοποιήσεις στις ρυθμίσεις του τηλεφώνου.
Close settings	Затвори поставки	Einstellungen schließen	Chiudi impostazioni	Cerrar ajustes	Fermer les paramètres	Zatvori podešavanja	Fechar configurações	Κλείσιμο ρυθμίσεων
Select month	Избери месец	Monat auswählen	Seleziona mese	Seleccionar mes	Sélectionner un mois	Izaberi mesec	Selecionar mês	Επιλογή μήνα
Restore existing backup first.	Прво врати ја постојната копија.	Zuerst vorhandene Sicherung wiederherstellen.	Ripristina prima il backup esistente.	Restaura primero la copia existente.	Restaurez d’abord la sauvegarde existante.	Prvo vrati postojeću kopiju.	Restaure primeiro o backup existente.	Επανάφερε πρώτα το υπάρχον backup.
Overlapping shifts	Преклопени смени	Überlappende Schichten	Turni sovrapposti	Turnos solapados	Postes qui se chevauchent	Preklopljene smene	Turnos sobrepostos	Επικαλυπτόμενες βάρδιες
between shifts	меѓу смени	zwischen Schichten	tra turni	entre turnos	entre postes	između smena	entre turnos	μεταξύ βαρδιών
Only	Само	Nur	Solo	Solo	Seulement	Samo	Apenas	Μόνο
scheduled this month	планирани овој месец	geplant diesen Monat	pianificate questo mese	planificadas este mes	prévues ce mois-ci	planirani ovog meseca	planejadas este mês	προγραμματισμένες αυτόν τον μήνα
scheduled this week	планирани оваа недела	geplant diese Woche	pianificate questa settimana	planificadas esta semana	prévues cette semaine	planirani ove nedelje	planejadas esta semana	προγραμματισμένες αυτή την εβδομάδα
scheduled in period	планирани во периодот	geplant im Zeitraum	pianificate nel periodo	planificadas en el período	prévues dans la période	planirani u periodu	planejadas no período	προγραμματισμένες στην περίοδο
paid	платени	bezahlt	pagate	pagadas	rémunérées	plaćeni	pagas	αμειβόμενες
shifts	смени	Schichten	turni	turnos	postes	smene	turnos	βάρδιες
currencies	валути	Währungen	valute	monedas	devises	valute	moedas	νομίσματα
at	во	um	alle	a las	à	u	às	στις
Monthly pay	Месечна исплата	Monatliche Zahlung	Pagamento mensile	Pago mensual	Paie mensuelle	Mesečna isplata	Pagamento mensal	Μηνιαία πληρωμή
Weekly pay	Неделна исплата	Wöchentliche Zahlung	Pagamento settimanale	Pago semanal	Paie hebdomadaire	Nedeljna isplata	Pagamento semanal	Εβδομαδιαία πληρωμή
Biweekly pay	Исплата на две недели	Zahlung alle zwei Wochen	Pagamento ogni due settimane	Pago cada dos semanas	Paie toutes les deux semaines	Isplata na dve nedelje	Pagamento a cada duas semanas	Πληρωμή ανά δύο εβδομάδες
Custom pay	Исплата по избор	Individuelle Zahlung	Pagamento personalizzato	Pago personalizado	Paie personnalisée	Prilagođena isplata	Pagamento personalizado	Προσαρμοσμένη πληρωμή
Payday	Исплата	Zahltag	Pagamento	Día de pago	Jour de paie	Isplata	Pagamento	Πληρωμή
Collapse	Собери	Einklappen	Comprimi	Contraer	Réduire	Skupi	Recolher	Σύμπτυξη
Expand	Прошири	Ausklappen	Espandi	Expandir	Développer	Proširi	Expandir	Ανάπτυξη
h	ч	Std.	ore	h	h	sati	h	ώ
Continue with Google	Продолжи со Google	Mit Google fortfahren	Continua con Google	Continuar con Google	Continuer avec Google	Nastavi sa Google nalogom	Continuar com o Google	Συνέχεια με το Google
Or use your email	Или користи е-пошта	Oder E-Mail verwenden	Oppure usa la tua email	O usa tu correo electrónico	Ou utilisez votre adresse e-mail	Ili koristi e-poštu	Ou use seu e-mail	Ή χρησιμοποιήστε το email σας
Link Google account	Поврзи Google сметка	Google-Konto verknüpfen	Collega account Google	Vincular cuenta de Google	Associer un compte Google	Poveži Google nalog	Vincular conta do Google	Σύνδεση λογαριασμού Google
Choose the Google account with the same email address.	Избери ја Google сметката со истата е-пошта.	Wähle das Google-Konto mit derselben E-Mail-Adresse.	Scegli l’account Google con lo stesso indirizzo email.	Elige la cuenta de Google con la misma dirección de correo.	Choisissez le compte Google avec la même adresse e-mail.	Izaberi Google nalog sa istom adresom e-pošte.	Escolha a conta do Google com o mesmo endereço de e-mail.	Επιλέξτε τον λογαριασμό Google με την ίδια διεύθυνση email.
Google sign-in could not finish. Try again or use email.	Google најавата не заврши. Обиди се повторно или користи е-пошта.	Die Google-Anmeldung konnte nicht abgeschlossen werden. Versuche es erneut oder nutze E-Mail.	Accesso con Google non completato. Riprova o usa l’email.	No se pudo completar el inicio de sesión con Google. Reintenta o usa tu correo.	La connexion Google n’a pas abouti. Réessayez ou utilisez votre e-mail.	Google prijava nije završena. Pokušaj ponovo ili koristi e-poštu.	Não foi possível concluir o login com o Google. Tente novamente ou use e-mail.	Η σύνδεση Google δεν ολοκληρώθηκε. Δοκιμάστε ξανά ή χρησιμοποιήστε email.
First shift	Прва смена	Erste Schicht	Primo turno	Primer turno	Première équipe	Prva smena	Primeiro turno	Πρώτη βάρδια
Second shift	Втора смена	Zweite Schicht	Secondo turno	Segundo turno	Deuxième équipe	Druga smena	Segundo turno	Δεύτερη βάρδια
Third shift	Трета смена	Dritte Schicht	Terzo turno	Tercer turno	Troisième équipe	Treća smena	Terceiro turno	Τρίτη βάρδια
Rotation	Ротација	Rotation	Rotazione	Rotación	Rotation	Rotacija	Rotação	Εναλλαγή
Repeat this cycle	Повторувај го овој циклус	Diesen Zyklus wiederholen	Ripeti questo ciclo	Repetir este ciclo	Répéter ce cycle	Ponavljaj ovaj ciklus	Repetir este ciclo	Επανάληψη αυτού του κύκλου
Add cycle step	Додај чекор во циклусот	Zyklusschritt hinzufügen	Aggiungi fase del ciclo	Añadir paso al ciclo	Ajouter une étape au cycle	Dodaj korak ciklusa	Adicionar etapa ao ciclo	Προσθήκη βήματος κύκλου
Days	Денови	Tage	Giorni	Días	Jours	Dani	Dias	Ημέρες
No new shifts.	Нема нови смени.	Keine neuen Schichten.	Nessun nuovo turno.	No hay turnos nuevos.	Aucune nouvelle équipe.	Nema novih smena.	Nenhum turno novo.	Δεν υπάρχουν νέες βάρδιες.
Export schedule for colleague	Извези распоред за колега	Dienstplan für Kollegen exportieren	Esporta turni per un collega	Exportar horario para un compañero	Exporter le planning pour un collègue	Izvezi raspored za kolegu	Exportar escala para um colega	Εξαγωγή προγράμματος για συνάδελφο
Import schedule from colleague	Увези распоред од колега	Dienstplan von Kollegen importieren	Importa turni da un collega	Importar horario de un compañero	Importer le planning d’un collègue	Uvezi raspored od kolege	Importar escala de um colega	Εισαγωγή προγράμματος συναδέλφου
Schedule file loaded. Select your job and review shifts.	Распоредот е вчитан. Избери работа и провери ги смените.	Dienstplan geladen. Job auswählen und Schichten prüfen.	Turni caricati. Scegli il lavoro e verifica i turni.	Horario cargado. Elige el trabajo y revisa los turnos.	Planning chargé. Choisissez le travail et vérifiez les équipes.	Raspored učitan. Izaberi posao i proveri smene.	Escala carregada. Selecione o trabalho e confira os turnos.	Το πρόγραμμα φορτώθηκε. Επιλέξτε εργασία και ελέγξτε τις βάρδιες.
Invalid schedule file.	Невалидна датотека со распоред.	Ungültige Dienstplandatei.	File dei turni non valido.	Archivo de horario no válido.	Fichier de planning invalide.	Nevažeća datoteka rasporeda.	Arquivo de escala inválido.	Μη έγκυρο αρχείο προγράμματος.
Dates, shifts and breaks only. Pay and private notes are excluded.	Само датуми, смени и паузи. Без плата и приватни белешки.	Nur Termine, Schichten und Pausen. Ohne Vergütung und private Notizen.	Solo date, turni e pause. Retribuzione e note private escluse.	Solo fechas, turnos y descansos. Sin salario ni notas privadas.	Dates, équipes et pauses uniquement. Sans salaire ni notes privées.	Samo datumi, smene i pauze. Bez plate i privatnih beleški.	Somente datas, turnos e pausas. Sem salário nem notas privadas.	Μόνο ημερομηνίες, βάρδιες και διαλείμματα. Χωρίς αμοιβές και προσωπικές σημειώσεις.
Cost items	Ставки на трошоци	Kostenpositionen	Voci di costo	Partidas de gastos	Postes de dépenses	Stavke troškova	Itens de custo	Στοιχεία κόστους
Cost item	Ставка на трошок	Kostenposition	Voce di costo	Partida de gasto	Poste de dépense	Stavka troška	Item de custo	Στοιχείο κόστους
Count	Број	Anzahl	Numero	Cantidad	Nombre	Broj	Quantidade	Πλήθος
Summary	Преглед	Übersicht	Riepilogo	Resumen	Résumé	Pregled	Resumo	Σύνοψη
Break	Пауза	Pause	Pausa	Descanso	Pause	Pauza	Pausa	Διάλειμμα
Existing shifts in this period	Постојни смени во овој период	Vorhandene Schichten in diesem Zeitraum	Turni esistenti in questo periodo	Turnos existentes en este período	Services existants sur cette période	Postojeće smene u ovom periodu	Turnos existentes neste período	Υπάρχουσες βάρδιες σε αυτή την περίοδο
Replace existing shifts in this period	Замени ги постојните смени во овој период	Vorhandene Schichten in diesem Zeitraum ersetzen	Sostituisci i turni esistenti in questo periodo	Reemplazar los turnos existentes en este período	Remplacer les services existants sur cette période	Zameni postojeće smene u ovom periodu	Substituir os turnos existentes neste período	Αντικατάσταση των υπαρχουσών βαρδιών σε αυτή την περίοδο
Removes all existing entries for this job in the selected period, including days off and leave, when you confirm the new schedule.	Со потврдување на новиот распоред се отстрануваат сите постојни записи за оваа работа во избраниот период, вклучувајќи слободни денови и отсуства.	Beim Bestätigen des neuen Plans werden alle vorhandenen Einträge für diesen Job im gewählten Zeitraum entfernt, einschließlich freier Tage und Abwesenheiten.	Confermando il nuovo programma vengono rimosse tutte le voci esistenti per questo lavoro nel periodo selezionato, inclusi giorni liberi e assenze.	Al confirmar el nuevo horario se eliminan todas las entradas existentes de este trabajo en el período seleccionado, incluidos días libres y ausencias.	La confirmation du nouveau planning supprime toutes les entrées existantes de cet emploi sur la période choisie, y compris les jours de repos et les absences.	Potvrdom novog rasporeda uklanjaju se svi postojeći unosi za ovaj posao u izabranom periodu, uključujući slobodne dane i odsustva.	Ao confirmar a nova escala, todas as entradas existentes deste trabalho no período selecionado são removidas, incluindo folgas e afastamentos.	Η επιβεβαίωση του νέου προγράμματος αφαιρεί όλες τις υπάρχουσες καταχωρίσεις για αυτή την εργασία στην επιλεγμένη περίοδο, μαζί με ρεπό και άδειες.
Existing entries to remove	Постојни записи за отстранување	Zu entfernende vorhandene Einträge	Voci esistenti da rimuovere	Entradas existentes que se eliminarán	Entrées existantes à supprimer	Postojeći unosi za uklanjanje	Entradas existentes a remover	Υπάρχουσες καταχωρίσεις προς αφαίρεση
Replace existing shifts?	Да се заменат постојните смени?	Vorhandene Schichten ersetzen?	Sostituire i turni esistenti?	¿Reemplazar los turnos existentes?	Remplacer les services existants ?	Zameniti postojeće smene?	Substituir os turnos existentes?	Αντικατάσταση υπαρχουσών βαρδιών;
New shifts to add	Нови смени за додавање	Hinzuzufügende neue Schichten	Nuovi turni da aggiungere	Turnos nuevos que se añadirán	Nouveaux services à ajouter	Nove smene za dodavanje	Novos turnos a adicionar	Νέες βάρδιες προς προσθήκη
Other jobs and dates outside this period stay unchanged.	Другите работи и датумите надвор од овој период остануваат непроменети.	Andere Jobs und Daten außerhalb dieses Zeitraums bleiben unverändert.	Gli altri lavori e le date fuori da questo periodo rimangono invariati.	Los demás trabajos y las fechas fuera de este período no cambian.	Les autres emplois et les dates hors de cette période restent inchangés.	Drugi poslovi i datumi van ovog perioda ostaju nepromenjeni.	Outros trabalhos e datas fora deste período permanecem inalterados.	Οι άλλες εργασίες και οι ημερομηνίες εκτός αυτής της περιόδου παραμένουν αμετάβλητες.
Replace shifts	Замени смени	Schichten ersetzen	Sostituisci turni	Reemplazar turnos	Remplacer les services	Zameni smene	Substituir turnos	Αντικατάσταση βαρδιών
Schedule changed. Review the shifts again.	Распоредот е променет. Прегледај ги смените повторно.	Der Plan wurde geändert. Prüfe die Schichten erneut.	Il programma è cambiato. Controlla di nuovo i turni.	El horario ha cambiado. Revisa los turnos de nuevo.	Le planning a changé. Vérifiez à nouveau les services.	Raspored je promenjen. Ponovo pregledaj smene.	A escala mudou. Revise os turnos novamente.	Το πρόγραμμα άλλαξε. Ελέγξτε ξανά τις βάρδιες.
This shift overlaps with the following shifts:	Оваа смена се преклопува со следните смени:	Diese Schicht überschneidet sich mit den folgenden Schichten:	Questo turno si sovrappone ai seguenti turni:	Este turno se superpone con los siguientes turnos:	Ce poste chevauche les postes suivants :	Ova smena se preklapa sa sledećim smenama:	Este turno se sobrepõe aos seguintes turnos:	Αυτή η βάρδια συμπίπτει χρονικά με τις ακόλουθες βάρδιες:
Save anyway	Сепак зачувај	Trotzdem speichern	Salva comunque	Guardar de todos modos	Enregistrer quand même	Ipak sačuvaj	Salvar mesmo assim	Αποθήκευση ούτως ή άλλως
Pay basis	Начин на плаќање	Vergütungsart	Tipo di retribuzione	Tipo de pago	Mode de rémunération	Način plaćanja	Tipo de remuneração	Τρόπος αμοιβής
Hourly	По час	Stundenlohn	A ore	Por hora	À l’heure	Po satu	Por hora	Ανά ώρα
Per shift / daily	По смена / ден	Pro Schicht / Tag	Per turno / giorno	Por turno / día	Par poste / jour	Po smeni / danu	Por turno / dia	Ανά βάρδια / ημέρα
Fixed monthly salary	Фиксна месечна плата	Festes Monatsgehalt	Stipendio mensile fisso	Salario mensual fijo	Salaire mensuel fixe	Fiksna mesečna plata	Salário mensal fixo	Σταθερός μηνιαίος μισθός
Monthly salary	Месечна плата	Monatsgehalt	Stipendio mensile	Salario mensual	Salaire mensuel	Mesečna plata	Salário mensal	Μηνιαίος μισθός
Effective from	Важи од	Gültig ab	Valido dal	Válido desde	Applicable à partir du	Važi od	Válido a partir de	Ισχύει από
Employment ends	Крај на вработување	Beschäftigung endet	Fine del rapporto di lavoro	Fin del empleo	Fin de l’emploi	Kraj zaposlenja	Fim do vínculo de trabalho	Λήξη απασχόλησης
Reference hourly rate	Референтна сатница	Referenz-Stundenlohn	Tariffa oraria di riferimento	Tarifa por hora de referencia	Taux horaire de référence	Referentna satnica	Valor de referência por hora	Ωρομίσθιο αναφοράς
Monthly adjustments	Месечни бонуси и одбитоци	Monatliche Anpassungen	Rettifiche mensili	Ajustes mensuales	Ajustements mensuels	Mesečni bonusi i odbici	Ajustes mensais	Μηνιαίες προσαρμογές
Monthly bonuses	Месечни бонуси	Monatliche Boni	Bonus mensili	Bonificaciones mensuales	Primes mensuelles	Mesečni bonusi	Bônus mensais	Μηνιαία μπόνους
Monthly deductions	Месечни одбитоци	Monatliche Abzüge	Trattenute mensili	Deducciones mensuales	Retenues mensuelles	Mesečni odbici	Descontos mensais	Μηνιαίες κρατήσεις
Monthly bonus	Месечен бонус	Monatlicher Bonus	Bonus mensile	Bonificación mensual	Prime mensuelle	Mesečni bonus	Bônus mensal	Μηνιαίο μπόνους
Monthly deduction	Месечен одбиток	Monatlicher Abzug	Trattenuta mensile	Deducción mensual	Retenue mensuelle	Mesečni odbitak	Desconto mensal	Μηνιαία κράτηση
Deduction	Одбиток	Abzug	Trattenuta	Deducción	Retenue	Odbitak	Desconto	Κράτηση
Adjusted estimated earnings	Проценета заработка со бонуси и одбитоци	Angepasster geschätzter Verdienst	Guadagno stimato rettificato	Ingresos estimados ajustados	Revenus estimés ajustés	Procenjena zarada sa bonusima i odbicima	Ganhos estimados ajustados	Προσαρμοσμένα εκτιμώμενα έσοδα
Add deduction	Додај одбиток	Abzug hinzufügen	Aggiungi trattenuta	Añadir deducción	Ajouter une retenue	Dodaj odbitak	Adicionar desconto	Προσθήκη κράτησης
Add monthly bonus	Додај месечен бонус	Monatlichen Bonus hinzufügen	Aggiungi bonus mensile	Añadir bonificación mensual	Ajouter une prime mensuelle	Dodaj mesečni bonus	Adicionar bônus mensal	Προσθήκη μηνιαίου μπόνους
Add / update item	Додај / измени ставка	Eintrag hinzufügen / ändern	Aggiungi / aggiorna voce	Añadir / actualizar concepto	Ajouter / modifier l’élément	Dodaj / izmeni stavku	Adicionar / atualizar item	Προσθήκη / ενημέρωση στοιχείου
Save adjustments	Зачувај бонуси и одбитоци	Anpassungen speichern	Salva rettifiche	Guardar ajustes	Enregistrer les ajustements	Sačuvaj bonuse i odbitke	Salvar ajustes	Αποθήκευση προσαρμογών
No monthly adjustments	Нема месечни бонуси или одбитоци	Keine monatlichen Anpassungen	Nessuna rettifica mensile	Sin ajustes mensuales	Aucun ajustement mensuel	Nema mesečnih bonusa ili odbitaka	Sem ajustes mensais	Δεν υπάρχουν μηνιαίες προσαρμογές
Reason	Причина	Grund	Motivo	Motivo	Motif	Razlog	Motivo	Αιτία
Description	Опис	Beschreibung	Descrizione	Descripción	Description	Opis	Descrição	Περιγραφή
Absence	Неодење на работа	Abwesenheit	Assenza	Ausencia	Absence	Izostanak sa posla	Ausência	Απουσία
Sick leave	Боледување	Krankheitsurlaub	Malattia	Baja por enfermedad	Congé maladie	Bolovanje	Licença médica	Αναρρωτική άδεια
Unpaid leave	Неплатен одмор	Unbezahlter Urlaub	Congedo non retribuito	Permiso sin sueldo	Congé sans solde	Neplaćeno odsustvo	Licença não remunerada	Άδεια άνευ αποδοχών
Lateness	Доцнење	Verspätung	Ritardo	Retraso	Retard	Kašnjenje	Atraso	Καθυστέρηση
Other penalty	Друга казна	Sonstiger Abzug	Altra penalità	Otra penalización	Autre pénalité	Druga kazna	Outra penalidade	Άλλη ποινή
Custom reason	Друга причина	Eigener Grund	Motivo personalizzato	Motivo personalizado	Motif personnalisé	Drugi razlog	Motivo personalizado	Προσαρμοσμένη αιτία
Non-working day	Неработен ден	Arbeitsfreier Tag	Giorno non lavorativo	Día no laborable	Jour non travaillé	Neradni dan	Dia sem trabalho	Μη εργάσιμη ημέρα
Replace this job’s day?	Да се замени денот за оваа работа?	Tag für diesen Job ersetzen?	Sostituire il giorno per questo lavoro?	¿Reemplazar el día de este trabajo?	Remplacer la journée de cet emploi ?	Zameniti dan za ovaj posao?	Substituir o dia deste trabalho?	Αντικατάσταση της ημέρας αυτής της εργασίας;
Replace entries	Замени записи	Einträge ersetzen	Sostituisci voci	Reemplazar registros	Remplacer les entrées	Zameni zapise	Substituir registros	Αντικατάσταση εγγραφών
These entries for the selected job and date will be replaced. Other jobs are unchanged.	Ќе се заменат овие записи за избраната работа и датум. Другите работи остануваат исти.	Diese Einträge für den gewählten Job und Tag werden ersetzt. Andere Jobs bleiben unverändert.	Queste voci del lavoro e della data selezionati saranno sostituite. Gli altri lavori non cambiano.	Se reemplazarán estos registros del trabajo y la fecha seleccionados. Los demás trabajos no cambian.	Ces entrées de l’emploi et de la date sélectionnés seront remplacées. Les autres emplois restent inchangés.	Ovi zapisi za izabrani posao i datum biće zamenjeni. Ostali poslovi se ne menjaju.	Estes registros do trabalho e da data selecionados serão substituídos. Outros trabalhos não mudam.	Αυτές οι εγγραφές της επιλεγμένης εργασίας και ημερομηνίας θα αντικατασταθούν. Οι άλλες εργασίες δεν αλλάζουν.
Monthly salary stays unchanged. Enter any deduction in Earnings.	Месечната плата останува иста. Внеси одбиток во Заработка.	Das Monatsgehalt bleibt gleich. Abzüge unter Verdienst eingeben.	Lo stipendio mensile non cambia. Inserisci eventuali trattenute in Guadagni.	El salario mensual no cambia. Introduce las deducciones en Ingresos.	Le salaire mensuel reste inchangé. Saisissez les retenues dans Revenus.	Mesečna plata ostaje ista. Unesi odbitak u Zarada.	O salário mensal não muda. Insira descontos em Ganhos.	Ο μηνιαίος μισθός δεν αλλάζει. Καταχωρίστε κρατήσεις στα Έσοδα.
Non-working statuses have no estimated shift pay.	Неработните статуси немаат проценета заработка од смена.	Arbeitsfreie Status haben keine geschätzte Schichtvergütung.	Gli stati non lavorativi non prevedono retribuzione stimata del turno.	Los estados sin trabajo no generan pago estimado del turno.	Les statuts non travaillés ne génèrent pas de rémunération estimée du poste.	Neradni statusi nemaju procenjenu zaradu od smene.	Os estados sem trabalho não geram pagamento estimado do turno.	Οι μη εργάσιμες καταστάσεις δεν έχουν εκτιμώμενη αμοιβή βάρδιας.
Blank = no extra payment	Празно = без дополнителна исплата	Leer = keine Zusatzvergütung	Vuoto = nessun pagamento aggiuntivo	Vacío = sin pago adicional	Vide = aucun supplément	Prazno = bez dodatne isplate	Vazio = sem pagamento extra	Κενό = χωρίς πρόσθετη αμοιβή
Full months use the fixed salary. Partial periods use calendar days. Attendance does not reduce the base.	За цел месец важи фиксната плата. Дел од месец се распределува по календарски денови. Присуството не ја намалува основата.	Volle Monate erhalten das feste Gehalt. Teilzeiträume werden nach Kalendertagen aufgeteilt. Anwesenheit kürzt die Basis nicht.	I mesi interi usano lo stipendio fisso. I periodi parziali usano i giorni di calendario. Le presenze non riducono la base.	Los meses completos usan el salario fijo. Los períodos parciales usan días naturales. La asistencia no reduce la base.	Les mois complets utilisent le salaire fixe. Les périodes partielles utilisent les jours calendaires. La présence ne réduit pas la base.	Za ceo mesec važi fiksna plata. Delovi meseca se raspoređuju po kalendarskim danima. Prisustvo ne umanjuje osnovicu.	Meses completos usam o salário fixo. Períodos parciais usam dias corridos. A presença não reduz a base.	Οι πλήρεις μήνες χρησιμοποιούν τον σταθερό μισθό. Οι μερικές περίοδοι κατανέμονται με ημερολογιακές ημέρες. Η παρουσία δεν μειώνει τη βάση.
Enter a valid monthly salary and date range.	Внеси валидна месечна плата и период.	Gültiges Monatsgehalt und Zeitraum eingeben.	Inserisci uno stipendio mensile e un periodo validi.	Introduce un salario mensual y un período válidos.	Saisissez un salaire mensuel et une période valides.	Unesi ispravnu mesečnu platu i period.	Insira um salário mensal e um período válidos.	Εισαγάγετε έγκυρο μηνιαίο μισθό και περίοδο.
Enter a positive amount and a reason.	Внеси позитивен износ и причина.	Positiven Betrag und Grund eingeben.	Inserisci un importo positivo e un motivo.	Introduce un importe positivo y un motivo.	Saisissez un montant positif et un motif.	Unesi pozitivan iznos i razlog.	Insira um valor positivo e um motivo.	Εισαγάγετε θετικό ποσό και αιτία.
Add or cancel the item before saving.	Додај или откажи ја ставката пред зачувување.	Eintrag vor dem Speichern hinzufügen oder verwerfen.	Aggiungi o annulla la voce prima di salvare.	Añade o cancela el concepto antes de guardar.	Ajoutez ou annulez l’élément avant d’enregistrer.	Dodaj ili otkaži stavku pre čuvanja.	Adicione ou cancele o item antes de salvar.	Προσθέστε ή ακυρώστε το στοιχείο πριν από την αποθήκευση.
Bonuses and deductions affect only this job and month. Absences do not create automatic deductions.	Бонусите и одбитоците важат само за оваа работа и месец. Отсуството не создава автоматски одбиток.	Boni und Abzüge gelten nur für diesen Job und Monat. Abwesenheiten erzeugen keine automatischen Abzüge.	Bonus e trattenute valgono solo per questo lavoro e mese. Le assenze non creano trattenute automatiche.	Las bonificaciones y deducciones solo afectan a este trabajo y mes. Las ausencias no crean deducciones automáticas.	Les primes et retenues concernent uniquement cet emploi et ce mois. Les absences ne créent pas de retenues automatiques.	Bonusi i odbici važe samo za ovaj posao i mesec. Odsustvo ne stvara automatske odbitke.	Bônus e descontos afetam apenas este trabalho e mês. Ausências não criam descontos automáticos.	Τα μπόνους και οι κρατήσεις αφορούν μόνο αυτή την εργασία και τον μήνα. Οι απουσίες δεν δημιουργούν αυτόματες κρατήσεις.
Taxes and government deductions are not calculated. Only entered adjustments are included.	Не се пресметуваат даноци и државни одбитоци. Вклучени се само внесените бонуси и одбитоци.	Steuern und staatliche Abgaben werden nicht berechnet. Nur eingegebene Anpassungen sind enthalten.	Imposte e trattenute statali non vengono calcolate. Sono incluse solo le rettifiche inserite.	No se calculan impuestos ni deducciones estatales. Solo se incluyen los ajustes introducidos.	Les impôts et prélèvements publics ne sont pas calculés. Seuls les ajustements saisis sont inclus.	Porezi i državni odbici se ne računaju. Uključeni su samo uneti bonusi i odbici.	Impostos e descontos governamentais não são calculados. Apenas ajustes informados são incluídos.	Δεν υπολογίζονται φόροι και κρατικές κρατήσεις. Περιλαμβάνονται μόνο οι καταχωρισμένες προσαρμογές.
Field help	Објаснувања за полиња	Feldhilfe	Aiuto sui campi	Ayuda de campos	Aide des champs	Objašnjenja polja	Ajuda dos campos	Βοήθεια πεδίων
Show hints	Прикажувај објаснувања	Hinweise anzeigen	Mostra suggerimenti	Mostrar consejos	Afficher les conseils	Prikazuj objašnjenja	Mostrar dicas	Εμφάνιση συμβουλών
Hide this hint	Скриј го ова објаснување	Diesen Hinweis ausblenden	Nascondi questo suggerimento	Ocultar este consejo	Masquer ce conseil	Sakrij ovo objašnjenje	Ocultar esta dica	Απόκρυψη αυτής της συμβουλής
Edit	Измени	Bearbeiten	Modifica	Editar	Modifier	Izmeni	Editar	Επεξεργασία
Choose hourly pay, a fixed amount per shift, or a fixed monthly salary.	Избери сатница, фиксен износ по смена или фиксна месечна плата.	Wähle Stundenlohn, festen Schichtbetrag oder festes Monatsgehalt.	Scegli paga oraria, importo fisso per turno o stipendio mensile fisso.	Elige pago por hora, importe fijo por turno o salario mensual fijo.	Choisissez un taux horaire, un montant fixe par poste ou un salaire mensuel fixe.	Izaberi satnicu, fiksni iznos po smeni ili fiksnu mesečnu platu.	Escolha pagamento por hora, valor fixo por turno ou salário mensal fixo.	Επιλέξτε ωρομίσθιο, σταθερό ποσό ανά βάρδια ή σταθερό μηνιαίο μισθό.
Counted once per calendar month, regardless of shifts or month length. Absences only reduce it when you enter a deduction.	Се брои еднаш во месецот, без разлика на смените и бројот на денови. Отсуството ја намалува само ако внесеш одбиток.	Einmal pro Kalendermonat, unabhängig von Schichten und Monatslänge. Abwesenheit mindert es nur bei eingegebenem Abzug.	Conteggiato una volta per mese, indipendentemente da turni e giorni. Le assenze lo riducono solo inserendo una trattenuta.	Se cuenta una vez al mes, independientemente de los turnos y días. Las ausencias solo lo reducen si introduces una deducción.	Compté une fois par mois, quels que soient les postes et sa durée. Une absence le réduit uniquement si vous saisissez une retenue.	Računa se jednom mesečno, bez obzira na smene i broj dana. Odsustvo ga smanjuje samo ako uneseš odbitak.	Contado uma vez por mês, independentemente dos turnos e dias. Ausências só o reduzem se você informar um desconto.	Μετράται μία φορά τον μήνα, ανεξάρτητα από βάρδιες και διάρκεια. Οι απουσίες το μειώνουν μόνο με καταχωρισμένη κράτηση.
Salary changes apply from this date. Earlier salary periods stay in your reports. Partial periods use calendar days.	Промената важи од овој датум. Претходните плати остануваат во извештаите. Дел од месец се распределува по календарски денови.	Gehaltsänderungen gelten ab diesem Datum. Frühere Gehälter bleiben in Berichten. Teilzeiträume nutzen Kalendertage.	Le modifiche valgono da questa data. Gli stipendi precedenti restano nei report. I periodi parziali usano giorni di calendario.	Los cambios se aplican desde esta fecha. Los salarios anteriores permanecen en los informes. Los períodos parciales usan días naturales.	Les changements s’appliquent à partir de cette date. Les salaires antérieurs restent dans les rapports. Les périodes partielles utilisent les jours calendaires.	Promena važi od ovog datuma. Ranije plate ostaju u izveštajima. Delovi meseca koriste kalendarske dane.	As alterações valem a partir desta data. Salários anteriores permanecem nos relatórios. Períodos parciais usam dias corridos.	Οι αλλαγές ισχύουν από αυτή την ημερομηνία. Οι προηγούμενοι μισθοί παραμένουν στις αναφορές. Οι μερικές περίοδοι χρησιμοποιούν ημερολογιακές ημέρες.
No monthly salary is estimated after this date. Leave this off while the job continues.	По овој датум не се пресметува месечна плата. Остави исклучено додека работата продолжува.	Nach diesem Datum wird kein Monatsgehalt geschätzt. Deaktiviert lassen, solange der Job weitergeht.	Dopo questa data non viene stimato lo stipendio mensile. Lascia disattivato se il lavoro continua.	No se estima salario mensual después de esta fecha. Déjalo desactivado mientras continúe el empleo.	Aucun salaire mensuel n’est estimé après cette date. Laissez désactivé tant que l’emploi continue.	Posle ovog datuma ne procenjuje se mesečna plata. Ostavi isključeno dok posao traje.	Não se estima salário mensal após esta data. Deixe desativado enquanto o trabalho continuar.	Δεν εκτιμάται μηνιαίος μισθός μετά από αυτή την ημερομηνία. Αφήστε το ανενεργό όσο συνεχίζεται η εργασία.
Used only for percentage night extras. It is not calculated from your monthly salary.	Само за процентуален ноќен додаток. Не се пресметува од месечната плата.	Nur für prozentuale Nachtzuschläge. Nicht aus dem Monatsgehalt berechnet.	Usato solo per maggiorazioni notturne percentuali. Non viene calcolato dallo stipendio mensile.	Solo para complementos nocturnos porcentuales. No se calcula a partir del salario mensual.	Uniquement pour les majorations de nuit en pourcentage. Ce taux n’est pas calculé à partir du salaire mensuel.	Samo za procentualni noćni dodatak. Ne računa se iz mesečne plate.	Usado apenas para adicionais noturnos percentuais. Não é calculado a partir do salário mensal.	Χρησιμοποιείται μόνο για ποσοστιαίες νυχτερινές προσαυξήσεις. Δεν υπολογίζεται από τον μηνιαίο μισθό.
Enter the price per overtime hour. For monthly salary, enter only the additional hourly payment.	Внеси цена за прекувремен час. Кај месечна плата внеси само дополнителна исплата по час.	Preis pro Überstunde eingeben. Bei Monatsgehalt nur die zusätzliche Stundenvergütung.	Inserisci la tariffa per ora di straordinario. Con stipendio mensile, inserisci solo il pagamento aggiuntivo orario.	Introduce la tarifa por hora extra. Con salario mensual, introduce solo el pago adicional por hora.	Saisissez le prix d’une heure supplémentaire. Avec un salaire mensuel, saisissez uniquement le supplément horaire.	Unesi cenu prekovremenog sata. Kod mesečne plate unesi samo dodatnu isplatu po satu.	Informe o valor por hora extra. Para salário mensal, informe apenas o pagamento adicional por hora.	Εισαγάγετε τιμή ανά ώρα υπερωρίας. Για μηνιαίο μισθό, μόνο την πρόσθετη ωριαία αμοιβή.
Paid hours above this limit in one shift count as overtime.	Платените часови над оваа граница во една смена се прекувремени.	Bezahlte Stunden über dieser Grenze pro Schicht zählen als Überstunden.	Le ore retribuite oltre questo limite per turno contano come straordinario.	Las horas pagadas por encima de este límite en un turno cuentan como horas extra.	Les heures payées au-delà de cette limite par poste sont des heures supplémentaires.	Plaćeni sati preko ove granice u jednoj smeni su prekovremeni.	Horas pagas acima deste limite em um turno contam como horas extras.	Οι πληρωμένες ώρες πάνω από αυτό το όριο σε μία βάρδια είναι υπερωρίες.
Price per Saturday hour. For monthly salary, this is an extra payment. Blank adds no extra.	Цена по час во сабота. Кај месечна плата ова е додаток. Празно значи без додаток.	Preis pro Samstagsstunde. Bei Monatsgehalt ist dies ein Zuschlag. Leer bedeutet kein Zuschlag.	Tariffa oraria del sabato. Con stipendio mensile è un supplemento. Vuoto non aggiunge nulla.	Tarifa por hora del sábado. Con salario mensual es un complemento. Vacío no añade nada.	Prix d’une heure le samedi. Avec un salaire mensuel, c’est un supplément. Vide n’ajoute rien.	Cena po satu subotom. Kod mesečne plate ovo je dodatak. Prazno znači bez dodatka.	Valor por hora no sábado. Para salário mensal, é um adicional. Vazio não adiciona nada.	Τιμή ανά ώρα Σαββάτου. Για μηνιαίο μισθό είναι προσαύξηση. Κενό δεν προσθέτει κάτι.
Price per Sunday hour. For monthly salary, this is an extra payment. Blank adds no extra.	Цена по час во недела. Кај месечна плата ова е додаток. Празно значи без додаток.	Preis pro Sonntagsstunde. Bei Monatsgehalt ist dies ein Zuschlag. Leer bedeutet kein Zuschlag.	Tariffa oraria della domenica. Con stipendio mensile è un supplemento. Vuoto non aggiunge nulla.	Tarifa por hora del domingo. Con salario mensual es un complemento. Vacío no añade nada.	Prix d’une heure le dimanche. Avec un salaire mensuel, c’est un supplément. Vide n’ajoute rien.	Cena po satu nedeljom. Kod mesečne plate ovo je dodatak. Prazno znači bez dodatka.	Valor por hora no domingo. Para salário mensal, é um adicional. Vazio não adiciona nada.	Τιμή ανά ώρα Κυριακής. Για μηνιαίο μισθό είναι προσαύξηση. Κενό δεν προσθέτει κάτι.
Mark holidays in Calendar. Holiday prices replace weekend prices; overtime uses the higher price.	Означи празник во Календар. Празничната цена ја заменува викенд цената; за прекувремено важи повисоката.	Feiertage im Kalender markieren. Feiertagspreise ersetzen Wochenendpreise; Überstunden nutzen den höheren Preis.	Segna le festività nel Calendario. La tariffa festiva sostituisce quella del weekend; lo straordinario usa la più alta.	Marca los festivos en Calendario. La tarifa festiva sustituye la de fin de semana; las horas extra usan la mayor.	Marquez les jours fériés dans Calendrier. Leur tarif remplace celui du week-end ; les heures supplémentaires utilisent le plus élevé.	Označi praznike u Kalendaru. Praznična cena zamenjuje vikend cenu; za prekovremeno važi viša.	Marque feriados no Calendário. O valor do feriado substitui o do fim de semana; horas extras usam o maior valor.	Σημειώστε αργίες στο Ημερολόγιο. Η τιμή αργίας αντικαθιστά του σαββατοκύριακου· η υπερωρία χρησιμοποιεί την υψηλότερη.
A paid break counts toward paid hours. An unpaid break is deducted from paid hours.	Платената пауза се брои во платени часови. Неплатената се одзема од платените часови.	Bezahlte Pausen zählen als bezahlte Stunden. Unbezahlte Pausen werden davon abgezogen.	Una pausa retribuita conta nelle ore pagate. Una pausa non retribuita viene sottratta.	La pausa pagada cuenta en las horas pagadas. La pausa no pagada se resta.	Une pause payée compte dans les heures payées. Une pause non payée en est déduite.	Plaćena pauza ulazi u plaćene sate. Neplaćena se oduzima od plaćenih sati.	Uma pausa remunerada conta nas horas pagas. Uma pausa não remunerada é descontada.	Το αμειβόμενο διάλειμμα μετρά στις πληρωμένες ώρες. Το μη αμειβόμενο αφαιρείται.
Enter break length in minutes. Worked hours exclude breaks; paid hours include paid breaks.	Внеси пауза во минути. Работните часови не ја вклучуваат; платените ја вклучуваат платената пауза.	Pausenlänge in Minuten eingeben. Arbeitsstunden ohne Pausen; bezahlte Stunden mit bezahlten Pausen.	Inserisci la pausa in minuti. Le ore lavorate escludono le pause; le ore pagate includono le pause retribuite.	Introduce la pausa en minutos. Las horas trabajadas excluyen pausas; las pagadas incluyen pausas pagadas.	Saisissez la pause en minutes. Les heures travaillées excluent les pauses ; les heures payées incluent les pauses payées.	Unesi pauzu u minutima. Radni sati ne uključuju pauze; plaćeni sati uključuju plaćene pauze.	Informe a pausa em minutos. Horas trabalhadas excluem pausas; horas pagas incluem pausas remuneradas.	Εισαγάγετε το διάλειμμα σε λεπτά. Οι ώρες εργασίας αποκλείουν διαλείμματα· οι πληρωμένες περιλαμβάνουν αμειβόμενα διαλείμματα.
Minimum rest between shifts. You can enter decimals, such as 1.5 hours. Shorter rest shows a warning.	Минимален одмор меѓу смени. Може децимално, пример 1.5 часа. Пократок одмор прикажува предупредување.	Mindestpause zwischen Schichten. Dezimalwerte wie 1,5 Stunden sind möglich. Kürzere Pausen zeigen eine Warnung.	Riposo minimo tra turni. Puoi inserire decimali, ad esempio 1,5 ore. Un riposo più breve mostra un avviso.	Descanso mínimo entre turnos. Puedes introducir decimales, como 1,5 horas. Un descanso menor muestra un aviso.	Repos minimal entre postes. Vous pouvez saisir des décimales, par exemple 1,5 heure. Un repos plus court affiche un avertissement.	Minimalni odmor između smena. Može decimalno, na primer 1,5 sati. Kraći odmor prikazuje upozorenje.	Descanso mínimo entre turnos. Você pode informar decimais, como 1,5 hora. Descanso menor mostra um aviso.	Ελάχιστη ανάπαυση μεταξύ βαρδιών. Επιτρέπονται δεκαδικοί, όπως 1,5 ώρες. Η μικρότερη ανάπαυση εμφανίζει προειδοποίηση.
Off, vacation, sick and non-working day replace only this job's shifts on this date, after confirmation.	Слободен ден, одмор, боледување и неработен ден ги заменуваат само смените за оваа работа и датум, по потврда.	Frei, Urlaub, Krankheit und arbeitsfrei ersetzen nach Bestätigung nur Schichten dieses Jobs an diesem Tag.	Riposo, ferie, malattia e giorno non lavorativo sostituiscono solo i turni di questo lavoro e data, dopo conferma.	Libre, vacaciones, enfermedad y día no laborable sustituyen solo los turnos de este trabajo y fecha, tras confirmar.	Repos, congés, maladie et jour non travaillé remplacent uniquement les postes de cet emploi à cette date, après confirmation.	Slobodan dan, odmor, bolovanje i neradni dan zamenjuju samo smene za ovaj posao i datum, posle potvrde.	Folga, férias, doença e dia sem trabalho substituem apenas os turnos deste trabalho e data, após confirmação.	Ρεπό, διακοπές, ασθένεια και μη εργάσιμη ημέρα αντικαθιστούν μόνο τις βάρδιες αυτής της εργασίας και ημερομηνίας, μετά από επιβεβαίωση.
Add a bonus or deduction for one job and month. These are separate from shift pay and work costs.	Додај бонус или одбиток за една работа и месец. Одвоени се од исплата по смена и работни трошоци.	Bonus oder Abzug für einen Job und Monat hinzufügen. Getrennt von Schichtvergütung und Arbeitskosten.	Aggiungi un bonus o una trattenuta per un lavoro e mese. Sono separati dalla paga del turno e dai costi di lavoro.	Añade una bonificación o deducción para un trabajo y mes. Se separan del pago del turno y de los gastos de trabajo.	Ajoutez une prime ou une retenue pour un emploi et un mois. Séparées du paiement du poste et des frais de travail.	Dodaj bonus ili odbitak za jedan posao i mesec. Odvojeni su od isplate smene i radnih troškova.	Adicione bônus ou desconto para um trabalho e mês. São separados do pagamento do turno e dos custos de trabalho.	Προσθέστε μπόνους ή κράτηση για μία εργασία και μήνα. Είναι χωριστά από την αμοιβή βάρδιας και τα έξοδα εργασίας.
Review and replace only the selected job's entries in this date range. Other jobs stay unchanged.	Прегледај и замени ги само записите за избраната работа во овој период. Другите работи остануваат исти.	Nur Einträge des gewählten Jobs in diesem Zeitraum prüfen und ersetzen. Andere Jobs bleiben unverändert.	Controlla e sostituisci solo le voci del lavoro selezionato in questo periodo. Gli altri lavori non cambiano.	Revisa y sustituye solo los registros del trabajo seleccionado en este período. Los demás trabajos no cambian.	Vérifiez et remplacez uniquement les entrées de l’emploi sélectionné sur cette période. Les autres emplois restent inchangés.	Pregledaj i zameni samo zapise izabranog posla u ovom periodu. Ostali poslovi se ne menjaju.	Revise e substitua apenas os registros do trabalho selecionado neste período. Outros trabalhos não mudam.	Ελέγξτε και αντικαταστήστε μόνο τις εγγραφές της επιλεγμένης εργασίας σε αυτή την περίοδο. Οι άλλες εργασίες δεν αλλάζουν.
Optional costs are subtracted after pay and monthly adjustments. They never change saved shift prices.	Незадолжителните трошоци се одземаат по платата и месечните бонуси/одбитоци. Не ги менуваат зачуваните цени на смените.	Optionale Kosten werden nach Vergütung und monatlichen Anpassungen abgezogen. Gespeicherte Schichtpreise bleiben gleich.	I costi opzionali vengono sottratti dopo paga e rettifiche mensili. Non cambiano le tariffe salvate dei turni.	Los gastos opcionales se restan después del pago y los ajustes mensuales. No cambian las tarifas guardadas de los turnos.	Les frais facultatifs sont déduits après la rémunération et les ajustements mensuels. Les tarifs enregistrés des postes ne changent pas.	Opcioni troškovi se oduzimaju posle plate i mesečnih bonusa/odbitaka. Ne menjaju sačuvane cene smena.	Custos opcionais são descontados após o pagamento e ajustes mensais. Não alteram os valores salvos dos turnos.	Τα προαιρετικά έξοδα αφαιρούνται μετά την αμοιβή και τις μηνιαίες προσαρμογές. Δεν αλλάζουν τις αποθηκευμένες τιμές βαρδιών.
Per shift counts every shift; per workday counts each date once. Weekly and monthly costs are charged once when you work.	По смена ја брои секоја смена; по работен ден го брои датумот еднаш. Неделните и месечните трошоци се бројат еднаш кога работиш.	Pro Schicht zählt jede Schicht; pro Arbeitstag jeden Tag einmal. Wochen- und Monatskosten einmal bei Arbeit.	Per turno conta ogni turno; per giorno lavorativo ogni data una volta. I costi settimanali e mensili si applicano una volta se lavori.	Por turno cuenta cada turno; por día laborable cada fecha una vez. Los gastos semanales y mensuales se cobran una vez si trabajas.	Par poste compte chaque poste ; par jour travaillé compte chaque date une fois. Frais hebdomadaires et mensuels comptés une fois si vous travaillez.	Po smeni broji svaku smenu; po radnom danu datum jednom. Nedeljni i mesečni troškovi se računaju jednom kada radiš.	Por turno conta cada turno; por dia trabalhado cada data uma vez. Custos semanais e mensais são cobrados uma vez quando há trabalho.	Ανά βάρδια μετρά κάθε βάρδια· ανά εργάσιμη ημέρα κάθε ημερομηνία μία φορά. Εβδομαδιαία και μηνιαία έξοδα χρεώνονται μία φορά όταν εργάζεστε.
Enter a positive amount in this job's currency. Different currencies are kept separate.	Внеси позитивен износ во валутата на работата. Различните валути се прикажуваат одвоено.	Positiven Betrag in der Job-Währung eingeben. Währungen bleiben getrennt.	Inserisci un importo positivo nella valuta del lavoro. Le valute restano separate.	Introduce un importe positivo en la moneda de este trabajo. Las monedas se mantienen separadas.	Saisissez un montant positif dans la devise de l’emploi. Les devises restent séparées.	Unesi pozitivan iznos u valuti posla. Različite valute ostaju odvojene.	Informe um valor positivo na moeda deste trabalho. Moedas diferentes ficam separadas.	Εισαγάγετε θετικό ποσό στο νόμισμα της εργασίας. Τα διαφορετικά νομίσματα παραμένουν χωριστά.
Choose when you receive payment. This does not change the salary month or hourly calculation.	Избери кога се врши исплата. Ова не го менува месецот на платата или пресметката по час.	Wähle den Auszahlungstermin. Gehaltsmonat und Stundenberechnung bleiben gleich.	Scegli quando ricevere il pagamento. Non cambia il mese dello stipendio o il calcolo orario.	Elige cuándo recibes el pago. No cambia el mes salarial ni el cálculo por hora.	Choisissez quand recevoir le paiement. Cela ne change ni le mois du salaire ni le calcul horaire.	Izaberi kada primaš isplatu. Ovo ne menja mesec plate niti obračun po satu.	Escolha quando recebe o pagamento. Isso não altera o mês salarial nem o cálculo por hora.	Επιλέξτε πότε πληρώνεστε. Δεν αλλάζει τον μήνα μισθού ή τον ωριαίο υπολογισμό.
Additional percentage of the regular or reference hourly rate during the configured night hours.	Дополнителен процент од редовната или референтната сатница во зададените ноќни часови.	Zusätzlicher Prozentsatz des regulären oder Referenz-Stundenlohns während der festgelegten Nachtstunden.	Percentuale aggiuntiva della tariffa oraria regolare o di riferimento durante le ore notturne impostate.	Porcentaje adicional de la tarifa normal o de referencia durante las horas nocturnas configuradas.	Pourcentage supplémentaire du taux horaire normal ou de référence pendant les heures de nuit définies.	Dodatni procenat redovne ili referentne satnice tokom podešenih noćnih sati.	Percentual adicional do valor horário normal ou de referência durante as horas noturnas configuradas.	Πρόσθετο ποσοστό του κανονικού ωρομισθίου ή του ωρομισθίου αναφοράς στις καθορισμένες νυχτερινές ώρες.
New version available	Достапна е нова верзија	Neue Version verfügbar	Nuova versione disponibile	Nueva versión disponible	Nouvelle version disponible	Dostupna je nova verzija	Nova versão disponível	Διαθέσιμη νέα έκδοση
Update ready	Ажурирањето е подготвено	Update bereit	Aggiornamento pronto	Actualización lista	Mise à jour prête	Ažuriranje je spremno	Atualização pronta	Η ενημέρωση είναι έτοιμη
Update	Ажурирај	Aktualisieren	Aggiorna	Actualizar	Mettre à jour	Ažuriraj	Atualizar	Ενημέρωση
Later	Подоцна	Später	Più tardi	Más tarde	Plus tard	Kasnije	Depois	Αργότερα
Restart to update	Рестартирај за ажурирање	Zum Aktualisieren neu starten	Riavvia per aggiornare	Reiniciar para actualizar	Redémarrer pour mettre à jour	Ponovo pokreni za ažuriranje	Reiniciar para atualizar	Επανεκκίνηση για ενημέρωση
A new PTS version is available on Google Play. Download it in the background and keep using the app.	Достапна е нова верзија на PTS на Google Play. Преземи ја во позадина и продолжи да ја користиш апликацијата.	Eine neue PTS-Version ist bei Google Play verfügbar. Im Hintergrund herunterladen und die App weiter nutzen.	Una nuova versione di PTS è disponibile su Google Play. Scaricala in background e continua a usare l’app.	Hay una nueva versión de PTS en Google Play. Descárgala en segundo plano y sigue usando la app.	Une nouvelle version de PTS est disponible sur Google Play. Téléchargez-la en arrière-plan et continuez à utiliser l’application.	Nova verzija PTS-a je dostupna na Google Play-u. Preuzmi je u pozadini i nastavi da koristiš aplikaciju.	Uma nova versão do PTS está disponível no Google Play. Baixe em segundo plano e continue usando o aplicativo.	Μια νέα έκδοση του PTS είναι διαθέσιμη στο Google Play. Κατεβάστε την στο παρασκήνιο και συνεχίστε να χρησιμοποιείτε την εφαρμογή.
The update has downloaded. Restart PTS to finish installing it. Your saved data stays on this phone.	Ажурирањето е преземено. Рестартирај PTS за да се инсталира. Зачуваните податоци остануваат на телефонот.	Das Update ist heruntergeladen. PTS neu starten, um die Installation abzuschließen. Gespeicherte Daten bleiben auf dem Telefon.	L’aggiornamento è stato scaricato. Riavvia PTS per completare l’installazione. I dati salvati restano sul telefono.	La actualización se ha descargado. Reinicia PTS para instalarla. Los datos guardados permanecen en el teléfono.	La mise à jour est téléchargée. Redémarrez PTS pour terminer l’installation. Vos données enregistrées restent sur ce téléphone.	Ažuriranje je preuzeto. Ponovo pokreni PTS da završiš instalaciju. Sačuvani podaci ostaju na telefonu.	A atualização foi baixada. Reinicie o PTS para concluir a instalação. Seus dados salvos permanecem no telefone.	Η ενημέρωση κατέβηκε. Επανεκκινήστε το PTS για να ολοκληρωθεί η εγκατάσταση. Τα αποθηκευμένα δεδομένα παραμένουν στο τηλέφωνο.
Estimated shift extras	Проценети додатоци за смената	Geschätzte Schichtzuschläge	Supplementi stimati del turno	Complementos estimados del turno	Suppléments estimés du poste	Procenjeni dodaci za smenu	Adicionais estimados do turno	Εκτιμώμενες προσαυξήσεις βάρδιας
Monthly salary is shown in Earnings.	Месечната плата е прикажана во Заработка.	Das Monatsgehalt wird unter Verdienst angezeigt.	Lo stipendio mensile è mostrato in Guadagni.	El salario mensual se muestra en Ingresos.	Le salaire mensuel est affiché dans Revenus.	Mesečna plata je prikazana u Zarada.	O salário mensal aparece em Ganhos.	Ο μηνιαίος μισθός εμφανίζεται στα Έσοδα.
Checking account…	Се проверува сметката…	Konto wird geprüft…	Verifica dell’account…	Comprobando la cuenta…	Vérification du compte…	Provera naloga…	Verificando a conta…	Έλεγχος λογαριασμού…
Account status unavailable	Статусот на сметката не е достапен	Kontostatus nicht verfügbar	Stato dell’account non disponibile	Estado de la cuenta no disponible	Statut du compte indisponible	Status naloga nije dostupan	Status da conta indisponível	Η κατάσταση λογαριασμού δεν είναι διαθέσιμη
Could not refresh account. Try again.	Сметката не се освежи. Обиди се повторно.	Konto konnte nicht aktualisiert werden. Erneut versuchen.	Impossibile aggiornare l’account. Riprova.	No se pudo actualizar la cuenta. Inténtalo de nuevo.	Impossible d’actualiser le compte. Réessayez.	Nalog nije osvežen. Pokušaj ponovo.	Não foi possível atualizar a conta. Tente novamente.	Δεν έγινε ανανέωση λογαριασμού. Δοκίμασε ξανά.
Cloud backup status unavailable. Refresh account.	Статусот на cloud backup не е достапен. Освежи ја сметката.	Cloud-Backup-Status nicht verfügbar. Konto aktualisieren.	Stato del backup cloud non disponibile. Aggiorna l’account.	Estado de la copia en la nube no disponible. Actualiza la cuenta.	Statut de sauvegarde cloud indisponible. Actualisez le compte.	Status cloud rezervne kopije nije dostupan. Osveži nalog.	Status do backup na nuvem indisponível. Atualize a conta.	Η κατάσταση αντιγράφου cloud δεν είναι διαθέσιμη. Ανανέωσε τον λογαριασμό.
Cloud backup paused. Premium is required.	Cloud backup е паузиран. Потребен е Premium.	Cloud-Backup pausiert. Premium erforderlich.	Backup cloud in pausa. È richiesto Premium.	Copia en la nube pausada. Se requiere Premium.	Sauvegarde cloud en pause. Premium requis.	Cloud rezervna kopija je pauzirana. Potreban je Premium.	Backup na nuvem pausado. Premium necessário.	Το αντίγραφο cloud έχει τεθεί σε παύση. Απαιτείται Premium.
Automatic backup is ready. No cloud backup saved yet.	Автоматскиот backup е подготвен. Сè уште нема зачуван cloud backup.	Automatisches Backup bereit. Noch kein Cloud-Backup gespeichert.	Backup automatico pronto. Nessun backup cloud ancora salvato.	Copia automática lista. Aún no se ha guardado ninguna copia en la nube.	Sauvegarde automatique prête. Aucune sauvegarde cloud enregistrée.	Automatska rezervna kopija je spremna. Još nema sačuvane cloud kopije.	Backup automático pronto. Nenhum backup na nuvem salvo ainda.	Το αυτόματο αντίγραφο είναι έτοιμο. Δεν έχει αποθηκευτεί ακόμη αντίγραφο cloud.
Support	Поддршка	Support	Assistenza	Soporte	Assistance	Podrška	Suporte	Υποστήριξη
Support email copied.	Е-поштата за поддршка е копирана.	Support-E-Mail kopiert.	Email di assistenza copiata.	Correo de soporte copiado.	Adresse d’assistance copiée.	Adresa za podršku je kopirana.	E-mail de suporte copiado.	Το email υποστήριξης αντιγράφηκε.
Enter 1–366 days.	Внеси 1–366 дена.	1–366 Tage eingeben.	Inserisci 1–366 giorni.	Introduce 1–366 días.	Saisissez 1–366 jours.	Unesi 1–366 dana.	Insira 1–366 dias.	Εισάγαγε 1–366 ημέρες.
Short rest	Краток одмор	Kurze Ruhezeit	Riposo breve	Descanso insuficiente	Repos insuffisant	Kratak odmor	Descanso insuficiente	Σύντομη ανάπαυση
Open Google Play	Отвори Google Play	Google Play öffnen	Apri Google Play	Abrir Google Play	Ouvrir Google Play	Otvori Google Play	Abrir Google Play	Άνοιγμα Google Play
A new PTS version is available. Open Google Play to install it.	Достапна е нова верзија на PTS. Отвори Google Play за да ја инсталираш.	Eine neue PTS-Version ist verfügbar. Öffne Google Play, um sie zu installieren.	È disponibile una nuova versione di PTS. Apri Google Play per installarla.	Hay una nueva versión de PTS disponible. Abre Google Play para instalarla.	Une nouvelle version de PTS est disponible. Ouvrez Google Play pour l’installer.	Dostupna je nova verzija PTS-a. Otvori Google Play da je instaliraš.	Uma nova versão do PTS está disponível. Abra o Google Play para instalá-la.	Μια νέα έκδοση του PTS είναι διαθέσιμη. Άνοιξε το Google Play για να την εγκαταστήσεις.
